example_id,base_context_id,sample_id,ids_label,model_prediction,model_confidence,confidence_band,task_type,difficulty,provenance_type,has_real_shap,has_cve,source_file,review_status,reviewer_decision,reviewer_notes
trustsecai-gold-v1-00041,evx-ddos-49118,49118,DDoS,ATTACK,0.9999991655349731,high,mitigation_detection,easy,direct,True,False,Friday-WorkingHours-Afternoon-DDos.pcap_ISCX.csv,candidate_unreviewed,,
trustsecai-gold-v1-00050,evx-ddos-57835,57835,DDoS,ATTACK,0.9999994039535522,high,threat_hunting_followup,medium,direct,True,False,Friday-WorkingHours-Afternoon-DDos.pcap_ISCX.csv,candidate_unreviewed,,
trustsecai-gold-v1-00131,evx-ddos-135033,135033,DDoS,ATTACK,0.999998927116394,high,vulnerability_context,hard,direct,True,False,Friday-WorkingHours-Afternoon-DDos.pcap_ISCX.csv,candidate_unreviewed,,
trustsecai-gold-v1-00140,evx-ddos-150294,150294,DDoS,ATTACK,0.9999994039535522,high,uncertainty_evidence_gap,expert,direct,True,False,Friday-WorkingHours-Afternoon-DDos.pcap_ISCX.csv,candidate_unreviewed,,
trustsecai-gold-v1-00033,evx-ddos-47190,47190,DDoS,ATTACK,0.999998927116394,high,multi_turn_analyst_interaction,easy,direct,True,False,Friday-WorkingHours-Afternoon-DDos.pcap_ISCX.csv,candidate_unreviewed,,
trustsecai-gold-v1-00030,evx-ddos-47190,47190,DDoS,ATTACK,0.999998927116394,high,attack_mapping,medium,direct,True,False,Friday-WorkingHours-Afternoon-DDos.pcap_ISCX.csv,candidate_unreviewed,,
trustsecai-gold-v1-00079,evx-ddos-83895,83895,DDoS,ATTACK,0.9999995231628418,high,executive_summary,hard,direct,True,False,Friday-WorkingHours-Afternoon-DDos.pcap_ISCX.csv,candidate_unreviewed,,
trustsecai-gold-v1-00008,evx-ddos-33524,33524,DDoS,ATTACK,0.999991774559021,high,vulnerability_context,expert,direct,True,False,Friday-WorkingHours-Afternoon-DDos.pcap_ISCX.csv,candidate_unreviewed,,
trustsecai-gold-v1-00025,evx-ddos-36286,36286,DDoS,ATTACK,0.9999951124191284,high,attack_mapping,easy,direct,True,False,Friday-WorkingHours-Afternoon-DDos.pcap_ISCX.csv,candidate_unreviewed,,
trustsecai-gold-v1-00070,evx-ddos-82526,82526,DDoS,ATTACK,0.9999988079071045,high,executive_summary,medium,direct,True,False,Friday-WorkingHours-Afternoon-DDos.pcap_ISCX.csv,candidate_unreviewed,,
trustsecai-gold-v1-00011,evx-ddos-33524,33524,DDoS,ATTACK,0.999991774559021,high,threat_hunting_followup,hard,direct,True,False,Friday-WorkingHours-Afternoon-DDos.pcap_ISCX.csv,candidate_unreviewed,,
trustsecai-gold-v1-00012,evx-ddos-33524,33524,DDoS,ATTACK,0.999991774559021,high,soc_incident_assessment,expert,direct,True,False,Friday-WorkingHours-Afternoon-DDos.pcap_ISCX.csv,candidate_unreviewed,,
trustsecai-gold-v1-00045,evx-ddos-54067,54067,DDoS,ATTACK,0.999997615814209,high,mitigation_detection,easy,direct,True,False,Friday-WorkingHours-Afternoon-DDos.pcap_ISCX.csv,candidate_unreviewed,,
trustsecai-gold-v1-00150,evx-ddos-169905,169905,DDoS,ATTACK,0.9999970197677612,high,uncertainty_evidence_gap,medium,direct,True,False,Friday-WorkingHours-Afternoon-DDos.pcap_ISCX.csv,candidate_unreviewed,,
trustsecai-gold-v1-00015,evx-ddos-33751,33751,DDoS,ATTACK,0.9999990463256836,high,attack_mapping,hard,direct,True,False,Friday-WorkingHours-Afternoon-DDos.pcap_ISCX.csv,candidate_unreviewed,,
trustsecai-gold-v1-00016,evx-ddos-33751,33751,DDoS,ATTACK,0.9999990463256836,high,executive_summary,expert,direct,True,False,Friday-WorkingHours-Afternoon-DDos.pcap_ISCX.csv,candidate_unreviewed,,
trustsecai-gold-v1-00137,evx-ddos-150294,150294,DDoS,ATTACK,0.9999994039535522,high,vulnerability_context,easy,direct,True,False,Friday-WorkingHours-Afternoon-DDos.pcap_ISCX.csv,candidate_unreviewed,,
trustsecai-gold-v1-00018,evx-ddos-33751,33751,DDoS,ATTACK,0.9999990463256836,high,multi_turn_analyst_interaction,medium,direct,True,False,Friday-WorkingHours-Afternoon-DDos.pcap_ISCX.csv,candidate_unreviewed,,
trustsecai-gold-v1-00127,evx-ddos-135033,135033,DDoS,ATTACK,0.999998927116394,high,threat_hunting_followup,hard,direct,True,False,Friday-WorkingHours-Afternoon-DDos.pcap_ISCX.csv,candidate_unreviewed,,
trustsecai-gold-v1-00132,evx-ddos-135033,135033,DDoS,ATTACK,0.999998927116394,high,soc_incident_assessment,expert,direct,True,False,Friday-WorkingHours-Afternoon-DDos.pcap_ISCX.csv,candidate_unreviewed,,
trustsecai-gold-v1-00133,evx-ddos-135033,135033,DDoS,ATTACK,0.999998927116394,high,uncertainty_evidence_gap,easy,direct,True,False,Friday-WorkingHours-Afternoon-DDos.pcap_ISCX.csv,candidate_unreviewed,,
trustsecai-gold-v1-00022,evx-ddos-36286,36286,DDoS,ATTACK,0.9999951124191284,high,multi_turn_analyst_interaction,medium,direct,True,False,Friday-WorkingHours-Afternoon-DDos.pcap_ISCX.csv,candidate_unreviewed,,
trustsecai-gold-v1-00163,evx-ddos-185954,185954,DDoS,ATTACK,0.9999990463256836,high,vulnerability_context,hard,direct,True,False,Friday-WorkingHours-Afternoon-DDos.pcap_ISCX.csv,candidate_unreviewed,,
trustsecai-gold-v1-00048,evx-ddos-54067,54067,DDoS,ATTACK,0.999997615814209,high,executive_summary,expert,direct,True,False,Friday-WorkingHours-Afternoon-DDos.pcap_ISCX.csv,candidate_unreviewed,,
trustsecai-gold-v1-00026,evx-ddos-36286,36286,DDoS,ATTACK,0.9999951124191284,high,mitigation_detection,medium,direct,True,False,Friday-WorkingHours-Afternoon-DDos.pcap_ISCX.csv,candidate_unreviewed,,
trustsecai-gold-v1-00167,evx-ddos-185954,185954,DDoS,ATTACK,0.9999990463256836,high,soc_incident_assessment,hard,direct,True,False,Friday-WorkingHours-Afternoon-DDos.pcap_ISCX.csv,candidate_unreviewed,,
trustsecai-gold-v1-00028,evx-ddos-36286,36286,DDoS,ATTACK,0.9999951124191284,high,threat_hunting_followup,expert,direct,True,False,Friday-WorkingHours-Afternoon-DDos.pcap_ISCX.csv,candidate_unreviewed,,
trustsecai-gold-v1-00035,evx-ddos-47190,47190,DDoS,ATTACK,0.999998927116394,high,soc_incident_assessment,hard,direct,True,False,Friday-WorkingHours-Afternoon-DDos.pcap_ISCX.csv,candidate_unreviewed,,
trustsecai-gold-v1-00096,evx-ddos-96822,96822,DDoS,ATTACK,0.9999995231628418,high,vulnerability_context,expert,direct,True,False,Friday-WorkingHours-Afternoon-DDos.pcap_ISCX.csv,candidate_unreviewed,,
trustsecai-gold-v1-00036,evx-ddos-49118,49118,DDoS,ATTACK,0.9999991655349731,high,attack_mapping,expert,direct,True,False,Friday-WorkingHours-Afternoon-DDos.pcap_ISCX.csv,candidate_unreviewed,,
trustsecai-gold-v1-00097,evx-ddos-96822,96822,DDoS,ATTACK,0.9999995231628418,high,threat_hunting_followup,easy,direct,True,False,Friday-WorkingHours-Afternoon-DDos.pcap_ISCX.csv,candidate_unreviewed,,
trustsecai-gold-v1-00098,evx-ddos-96822,96822,DDoS,ATTACK,0.9999995231628418,high,soc_incident_assessment,medium,direct,True,False,Friday-WorkingHours-Afternoon-DDos.pcap_ISCX.csv,candidate_unreviewed,,
trustsecai-gold-v1-00040,evx-ddos-49118,49118,DDoS,ATTACK,0.9999991655349731,high,multi_turn_analyst_interaction,expert,direct,True,False,Friday-WorkingHours-Afternoon-DDos.pcap_ISCX.csv,candidate_unreviewed,,
trustsecai-gold-v1-00134,evx-ddos-150294,150294,DDoS,ATTACK,0.9999994039535522,high,executive_summary,medium,direct,True,False,Friday-WorkingHours-Afternoon-DDos.pcap_ISCX.csv,candidate_unreviewed,,
trustsecai-gold-v1-00166,evx-ddos-185954,185954,DDoS,ATTACK,0.9999990463256836,high,attack_mapping,medium,direct,True,False,Friday-WorkingHours-Afternoon-DDos.pcap_ISCX.csv,candidate_unreviewed,,
trustsecai-gold-v1-00049,evx-ddos-54067,54067,DDoS,ATTACK,0.999997615814209,high,threat_hunting_followup,easy,direct,True,False,Friday-WorkingHours-Afternoon-DDos.pcap_ISCX.csv,candidate_unreviewed,,
trustsecai-gold-v1-00051,evx-ddos-57835,57835,DDoS,ATTACK,0.9999994039535522,high,uncertainty_evidence_gap,hard,direct,True,False,Friday-WorkingHours-Afternoon-DDos.pcap_ISCX.csv,candidate_unreviewed,,
trustsecai-gold-v1-00128,evx-ddos-135033,135033,DDoS,ATTACK,0.999998927116394,high,mitigation_detection,expert,direct,True,False,Friday-WorkingHours-Afternoon-DDos.pcap_ISCX.csv,candidate_unreviewed,,
trustsecai-gold-v1-00055,evx-ddos-57835,57835,DDoS,ATTACK,0.9999994039535522,high,multi_turn_analyst_interaction,hard,direct,True,False,Friday-WorkingHours-Afternoon-DDos.pcap_ISCX.csv,candidate_unreviewed,,
trustsecai-gold-v1-00109,evx-ddos-105379,105379,DDoS,ATTACK,0.9999991655349731,high,soc_incident_assessment,easy,direct,True,False,Friday-WorkingHours-Afternoon-DDos.pcap_ISCX.csv,candidate_unreviewed,,
trustsecai-gold-v1-00058,evx-ddos-66073,66073,DDoS,ATTACK,0.999998927116394,high,vulnerability_context,medium,direct,True,False,Friday-WorkingHours-Afternoon-DDos.pcap_ISCX.csv,candidate_unreviewed,,
trustsecai-gold-v1-00061,evx-ddos-66073,66073,DDoS,ATTACK,0.999998927116394,high,attack_mapping,easy,direct,True,False,Friday-WorkingHours-Afternoon-DDos.pcap_ISCX.csv,candidate_unreviewed,,
trustsecai-gold-v1-00063,evx-ddos-66073,66073,DDoS,ATTACK,0.999998927116394,high,mitigation_detection,hard,direct,True,False,Friday-WorkingHours-Afternoon-DDos.pcap_ISCX.csv,candidate_unreviewed,,
trustsecai-gold-v1-00168,evx-ddos-185954,185954,DDoS,ATTACK,0.9999990463256836,high,multi_turn_analyst_interaction,expert,direct,True,False,Friday-WorkingHours-Afternoon-DDos.pcap_ISCX.csv,candidate_unreviewed,,
trustsecai-gold-v1-00149,evx-ddos-169905,169905,DDoS,ATTACK,0.9999970197677612,high,vulnerability_context,easy,direct,True,False,Friday-WorkingHours-Afternoon-DDos.pcap_ISCX.csv,candidate_unreviewed,,
trustsecai-gold-v1-00071,evx-ddos-82628,82628,DDoS,ATTACK,0.9999997615814209,high,soc_incident_assessment,hard,direct,True,False,Friday-WorkingHours-Afternoon-DDos.pcap_ISCX.csv,candidate_unreviewed,,
trustsecai-gold-v1-00072,evx-ddos-82628,82628,DDoS,ATTACK,0.9999997615814209,high,threat_hunting_followup,expert,direct,True,False,Friday-WorkingHours-Afternoon-DDos.pcap_ISCX.csv,candidate_unreviewed,,
trustsecai-gold-v1-00121,evx-ddos-122739,122739,DDoS,ATTACK,0.9999997615814209,high,executive_summary,easy,direct,True,False,Friday-WorkingHours-Afternoon-DDos.pcap_ISCX.csv,candidate_unreviewed,,
trustsecai-gold-v1-00074,evx-ddos-82628,82628,DDoS,ATTACK,0.9999997615814209,high,soc_incident_assessment,medium,direct,True,False,Friday-WorkingHours-Afternoon-DDos.pcap_ISCX.csv,candidate_unreviewed,,
trustsecai-gold-v1-00075,evx-ddos-82628,82628,DDoS,ATTACK,0.9999997615814209,high,uncertainty_evidence_gap,hard,direct,True,False,Friday-WorkingHours-Afternoon-DDos.pcap_ISCX.csv,candidate_unreviewed,,
trustsecai-gold-v1-00104,evx-ddos-97570,97570,DDoS,ATTACK,0.9999997615814209,high,multi_turn_analyst_interaction,expert,direct,True,False,Friday-WorkingHours-Afternoon-DDos.pcap_ISCX.csv,candidate_unreviewed,,
trustsecai-gold-v1-00077,evx-ddos-82628,82628,DDoS,ATTACK,0.9999997615814209,high,mitigation_detection,easy,direct,True,False,Friday-WorkingHours-Afternoon-DDos.pcap_ISCX.csv,candidate_unreviewed,,
trustsecai-gold-v1-00106,evx-ddos-105379,105379,DDoS,ATTACK,0.9999991655349731,high,uncertainty_evidence_gap,medium,direct,True,False,Friday-WorkingHours-Afternoon-DDos.pcap_ISCX.csv,candidate_unreviewed,,
trustsecai-gold-v1-00136,evx-ddos-150294,150294,DDoS,ATTACK,0.9999994039535522,high,threat_hunting_followup,expert,direct,True,False,Friday-WorkingHours-Afternoon-DDos.pcap_ISCX.csv,candidate_unreviewed,,
trustsecai-gold-v1-00105,evx-ddos-97570,97570,DDoS,ATTACK,0.9999997615814209,high,soc_incident_assessment,easy,direct,True,False,Friday-WorkingHours-Afternoon-DDos.pcap_ISCX.csv,candidate_unreviewed,,
trustsecai-gold-v1-00158,evx-ddos-178462,178462,DDoS,ATTACK,0.9999997615814209,high,threat_hunting_followup,medium,direct,True,False,Friday-WorkingHours-Afternoon-DDos.pcap_ISCX.csv,candidate_unreviewed,,
trustsecai-gold-v1-00087,evx-ddos-83915,83915,DDoS,ATTACK,0.9999997615814209,high,attack_mapping,hard,direct,True,False,Friday-WorkingHours-Afternoon-DDos.pcap_ISCX.csv,candidate_unreviewed,,
trustsecai-gold-v1-00088,evx-ddos-83915,83915,DDoS,ATTACK,0.9999997615814209,high,uncertainty_evidence_gap,expert,direct,True,False,Friday-WorkingHours-Afternoon-DDos.pcap_ISCX.csv,candidate_unreviewed,,
trustsecai-gold-v1-00125,evx-ddos-122739,122739,DDoS,ATTACK,0.9999997615814209,high,multi_turn_analyst_interaction,easy,direct,True,False,Friday-WorkingHours-Afternoon-DDos.pcap_ISCX.csv,candidate_unreviewed,,
trustsecai-gold-v1-00090,evx-ddos-83915,83915,DDoS,ATTACK,0.9999997615814209,high,vulnerability_context,medium,direct,True,False,Friday-WorkingHours-Afternoon-DDos.pcap_ISCX.csv,candidate_unreviewed,,
trustsecai-gold-v1-00093,evx-ddos-96822,96822,DDoS,ATTACK,0.9999995231628418,high,executive_summary,easy,direct,True,False,Friday-WorkingHours-Afternoon-DDos.pcap_ISCX.csv,candidate_unreviewed,,
trustsecai-gold-v1-00094,evx-ddos-96822,96822,DDoS,ATTACK,0.9999995231628418,high,mitigation_detection,medium,direct,True,False,Friday-WorkingHours-Afternoon-DDos.pcap_ISCX.csv,candidate_unreviewed,,
trustsecai-gold-v1-00159,evx-ddos-178462,178462,DDoS,ATTACK,0.9999997615814209,high,vulnerability_context,hard,direct,True,False,Friday-WorkingHours-Afternoon-DDos.pcap_ISCX.csv,candidate_unreviewed,,
trustsecai-gold-v1-00100,evx-ddos-97570,97570,DDoS,ATTACK,0.9999997615814209,high,attack_mapping,expert,direct,True,False,Friday-WorkingHours-Afternoon-DDos.pcap_ISCX.csv,candidate_unreviewed,,
trustsecai-gold-v1-00126,evx-ddos-122739,122739,DDoS,ATTACK,0.9999997615814209,high,mitigation_detection,medium,direct,True,False,Friday-WorkingHours-Afternoon-DDos.pcap_ISCX.csv,candidate_unreviewed,,
trustsecai-gold-v1-00146,evx-ddos-153289,153289,DDoS,ATTACK,0.9999990463256836,high,soc_incident_assessment,medium,direct,True,False,Friday-WorkingHours-Afternoon-DDos.pcap_ISCX.csv,candidate_unreviewed,,
trustsecai-gold-v1-00115,evx-ddos-116436,116436,DDoS,ATTACK,0.9999969005584717,high,mitigation_detection,hard,direct,True,False,Friday-WorkingHours-Afternoon-DDos.pcap_ISCX.csv,candidate_unreviewed,,
trustsecai-gold-v1-00116,evx-ddos-116436,116436,DDoS,ATTACK,0.9999969005584717,high,attack_mapping,expert,direct,True,False,Friday-WorkingHours-Afternoon-DDos.pcap_ISCX.csv,candidate_unreviewed,,
trustsecai-gold-v1-00117,evx-ddos-116436,116436,DDoS,ATTACK,0.9999969005584717,high,executive_summary,easy,direct,True,False,Friday-WorkingHours-Afternoon-DDos.pcap_ISCX.csv,candidate_unreviewed,,
trustsecai-gold-v1-00119,evx-ddos-116436,116436,DDoS,ATTACK,0.9999969005584717,high,multi_turn_analyst_interaction,hard,direct,True,False,Friday-WorkingHours-Afternoon-DDos.pcap_ISCX.csv,candidate_unreviewed,,
trustsecai-gold-v1-00120,evx-ddos-122739,122739,DDoS,ATTACK,0.9999997615814209,high,vulnerability_context,expert,direct,True,False,Friday-WorkingHours-Afternoon-DDos.pcap_ISCX.csv,candidate_unreviewed,,
trustsecai-gold-v1-00122,evx-ddos-122739,122739,DDoS,ATTACK,0.9999997615814209,high,attack_mapping,medium,direct,True,False,Friday-WorkingHours-Afternoon-DDos.pcap_ISCX.csv,candidate_unreviewed,,
trustsecai-gold-v1-00145,evx-ddos-153289,153289,DDoS,ATTACK,0.9999990463256836,high,multi_turn_analyst_interaction,easy,direct,True,False,Friday-WorkingHours-Afternoon-DDos.pcap_ISCX.csv,candidate_unreviewed,,
trustsecai-gold-v1-00152,evx-ddos-169905,169905,DDoS,ATTACK,0.9999970197677612,high,mitigation_detection,expert,direct,True,False,Friday-WorkingHours-Afternoon-DDos.pcap_ISCX.csv,candidate_unreviewed,,
trustsecai-gold-v1-00162,evx-ddos-185954,185954,DDoS,ATTACK,0.9999990463256836,high,threat_hunting_followup,medium,direct,True,False,Friday-WorkingHours-Afternoon-DDos.pcap_ISCX.csv,candidate_unreviewed,,
trustsecai-gold-v1-00164,evx-ddos-185954,185954,DDoS,ATTACK,0.9999990463256836,high,uncertainty_evidence_gap,expert,direct,True,False,Friday-WorkingHours-Afternoon-DDos.pcap_ISCX.csv,candidate_unreviewed,,
trustsecai-gold-v1-00171,evx-ddos-189854,189854,DDoS,ATTACK,0.9999990463256836,high,uncertainty_evidence_gap,hard,direct,True,False,Friday-WorkingHours-Afternoon-DDos.pcap_ISCX.csv,candidate_unreviewed,,
trustsecai-gold-v1-00176,evx-portscan-308785,308785,PortScan,ATTACK,0.9986056685447693,high,multi_turn_analyst_interaction,expert,mixed_direct_and_inferred,True,True,Friday-WorkingHours-Afternoon-PortScan.pcap_ISCX.csv,candidate_unreviewed,,
trustsecai-gold-v1-00177,evx-portscan-308785,308785,PortScan,ATTACK,0.9986056685447693,high,threat_hunting_followup,easy,mixed_direct_and_inferred,True,True,Friday-WorkingHours-Afternoon-PortScan.pcap_ISCX.csv,candidate_unreviewed,,
trustsecai-gold-v1-00178,evx-portscan-308785,308785,PortScan,ATTACK,0.9986056685447693,high,soc_incident_assessment,medium,mixed_direct_and_inferred,True,True,Friday-WorkingHours-Afternoon-PortScan.pcap_ISCX.csv,candidate_unreviewed,,
trustsecai-gold-v1-00231,evx-portscan-332419,332419,PortScan,ATTACK,0.9990082383155823,high,mitigation_detection,hard,mixed_direct_and_inferred,True,True,Friday-WorkingHours-Afternoon-PortScan.pcap_ISCX.csv,candidate_unreviewed,,
trustsecai-gold-v1-00180,evx-portscan-308785,308785,PortScan,ATTACK,0.9986056685447693,high,attack_mapping,expert,mixed_direct_and_inferred,True,True,Friday-WorkingHours-Afternoon-PortScan.pcap_ISCX.csv,candidate_unreviewed,,
trustsecai-gold-v1-00181,evx-portscan-308785,308785,PortScan,ATTACK,0.9986056685447693,high,vulnerability_context,easy,mixed_direct_and_inferred,True,True,Friday-WorkingHours-Afternoon-PortScan.pcap_ISCX.csv,candidate_unreviewed,,
trustsecai-gold-v1-00226,evx-portscan-332419,332419,PortScan,ATTACK,0.9990082383155823,high,uncertainty_evidence_gap,medium,mixed_direct_and_inferred,True,True,Friday-WorkingHours-Afternoon-PortScan.pcap_ISCX.csv,candidate_unreviewed,,
trustsecai-gold-v1-00183,evx-portscan-313230,313230,PortScan,ATTACK,0.9981010556221008,high,uncertainty_evidence_gap,hard,mixed_direct_and_inferred,True,True,Friday-WorkingHours-Afternoon-PortScan.pcap_ISCX.csv,candidate_unreviewed,,
trustsecai-gold-v1-00192,evx-portscan-313231,313231,PortScan,ATTACK,0.9989203214645386,high,attack_mapping,expert,mixed_direct_and_inferred,True,True,Friday-WorkingHours-Afternoon-PortScan.pcap_ISCX.csv,candidate_unreviewed,,
trustsecai-gold-v1-00193,evx-portscan-313231,313231,PortScan,ATTACK,0.9989203214645386,high,soc_incident_assessment,easy,mixed_direct_and_inferred,True,True,Friday-WorkingHours-Afternoon-PortScan.pcap_ISCX.csv,candidate_unreviewed,,
trustsecai-gold-v1-00186,evx-portscan-313230,313230,PortScan,ATTACK,0.9981010556221008,high,soc_incident_assessment,medium,mixed_direct_and_inferred,True,True,Friday-WorkingHours-Afternoon-PortScan.pcap_ISCX.csv,candidate_unreviewed,,
trustsecai-gold-v1-00235,evx-portscan-334467,334467,PortScan,ATTACK,0.9970009922981262,high,executive_summary,hard,mixed_direct_and_inferred,True,True,Friday-WorkingHours-Afternoon-PortScan.pcap_ISCX.csv,candidate_unreviewed,,
trustsecai-gold-v1-00224,evx-portscan-331395,331395,PortScan,ATTACK,0.9986873269081116,high,multi_turn_analyst_interaction,expert,mixed_direct_and_inferred,True,True,Friday-WorkingHours-Afternoon-PortScan.pcap_ISCX.csv,candidate_unreviewed,,
trustsecai-gold-v1-00189,evx-portscan-313230,313230,PortScan,ATTACK,0.9981010556221008,high,threat_hunting_followup,easy,mixed_direct_and_inferred,True,True,Friday-WorkingHours-Afternoon-PortScan.pcap_ISCX.csv,candidate_unreviewed,,
trustsecai-gold-v1-00270,evx-portscan-343456,343456,PortScan,ATTACK,0.998296320438385,high,vulnerability_context,medium,mixed_direct_and_inferred,True,True,Friday-WorkingHours-Afternoon-PortScan.pcap_ISCX.csv,candidate_unreviewed,,
trustsecai-gold-v1-00239,evx-portscan-336318,336318,PortScan,ATTACK,0.9986405968666077,high,multi_turn_analyst_interaction,hard,mixed_direct_and_inferred,True,True,Friday-WorkingHours-Afternoon-PortScan.pcap_ISCX.csv,candidate_unreviewed,,
trustsecai-gold-v1-00196,evx-portscan-313231,313231,PortScan,ATTACK,0.9989203214645386,high,mitigation_detection,expert,mixed_direct_and_inferred,True,True,Friday-WorkingHours-Afternoon-PortScan.pcap_ISCX.csv,candidate_unreviewed,,
trustsecai-gold-v1-00197,evx-portscan-316005,316005,PortScan,ATTACK,0.9990178346633911,high,mitigation_detection,easy,mixed_direct_and_inferred,True,True,Friday-WorkingHours-Afternoon-PortScan.pcap_ISCX.csv,candidate_unreviewed,,
trustsecai-gold-v1-00198,evx-portscan-316005,316005,PortScan,ATTACK,0.9990178346633911,high,vulnerability_context,medium,mixed_direct_and_inferred,True,True,Friday-WorkingHours-Afternoon-PortScan.pcap_ISCX.csv,candidate_unreviewed,,
trustsecai-gold-v1-00199,evx-portscan-316005,316005,PortScan,ATTACK,0.9990178346633911,high,uncertainty_evidence_gap,hard,mixed_direct_and_inferred,True,True,Friday-WorkingHours-Afternoon-PortScan.pcap_ISCX.csv,candidate_unreviewed,,
trustsecai-gold-v1-00200,evx-portscan-316005,316005,PortScan,ATTACK,0.9990178346633911,high,soc_incident_assessment,expert,mixed_direct_and_inferred,True,True,Friday-WorkingHours-Afternoon-PortScan.pcap_ISCX.csv,candidate_unreviewed,,
trustsecai-gold-v1-00201,evx-portscan-316005,316005,PortScan,ATTACK,0.9990178346633911,high,multi_turn_analyst_interaction,easy,mixed_direct_and_inferred,True,True,Friday-WorkingHours-Afternoon-PortScan.pcap_ISCX.csv,candidate_unreviewed,,
trustsecai-gold-v1-00202,evx-portscan-316005,316005,PortScan,ATTACK,0.9990178346633911,high,attack_mapping,medium,mixed_direct_and_inferred,True,True,Friday-WorkingHours-Afternoon-PortScan.pcap_ISCX.csv,candidate_unreviewed,,
trustsecai-gold-v1-00203,evx-portscan-316005,316005,PortScan,ATTACK,0.9990178346633911,high,executive_summary,hard,mixed_direct_and_inferred,True,True,Friday-WorkingHours-Afternoon-PortScan.pcap_ISCX.csv,candidate_unreviewed,,
trustsecai-gold-v1-00248,evx-portscan-337662,337662,PortScan,ATTACK,0.9995525479316711,high,executive_summary,expert,mixed_direct_and_inferred,True,True,Friday-WorkingHours-Afternoon-PortScan.pcap_ISCX.csv,candidate_unreviewed,,
trustsecai-gold-v1-00262,evx-portscan-341280,341280,PortScan,ATTACK,0.9887872338294983,high,uncertainty_evidence_gap,medium,mixed_direct_and_inferred,True,True,Friday-WorkingHours-Afternoon-PortScan.pcap_ISCX.csv,candidate_unreviewed,,
trustsecai-gold-v1-00207,evx-portscan-317893,317893,PortScan,ATTACK,0.9970899820327759,high,attack_mapping,hard,mixed_direct_and_inferred,True,True,Friday-WorkingHours-Afternoon-PortScan.pcap_ISCX.csv,candidate_unreviewed,,
trustsecai-gold-v1-00208,evx-portscan-317893,317893,PortScan,ATTACK,0.9970899820327759,high,threat_hunting_followup,expert,mixed_direct_and_inferred,True,True,Friday-WorkingHours-Afternoon-PortScan.pcap_ISCX.csv,candidate_unreviewed,,
trustsecai-gold-v1-00209,evx-portscan-317893,317893,PortScan,ATTACK,0.9970899820327759,high,mitigation_detection,easy,mixed_direct_and_inferred,True,True,Friday-WorkingHours-Afternoon-PortScan.pcap_ISCX.csv,candidate_unreviewed,,
trustsecai-gold-v1-00213,evx-portscan-326038,326038,PortScan,ATTACK,0.9979674220085144,high,attack_mapping,easy,mixed_direct_and_inferred,True,True,Friday-WorkingHours-Afternoon-PortScan.pcap_ISCX.csv,candidate_unreviewed,,
trustsecai-gold-v1-00222,evx-portscan-331395,331395,PortScan,ATTACK,0.9986873269081116,high,executive_summary,medium,mixed_direct_and_inferred,True,True,Friday-WorkingHours-Afternoon-PortScan.pcap_ISCX.csv,candidate_unreviewed,,
trustsecai-gold-v1-00251,evx-portscan-337662,337662,PortScan,ATTACK,0.9995525479316711,high,soc_incident_assessment,hard,mixed_direct_and_inferred,True,True,Friday-WorkingHours-Afternoon-PortScan.pcap_ISCX.csv,candidate_unreviewed,,
trustsecai-gold-v1-00216,evx-portscan-326038,326038,PortScan,ATTACK,0.9979674220085144,high,vulnerability_context,expert,mixed_direct_and_inferred,True,True,Friday-WorkingHours-Afternoon-PortScan.pcap_ISCX.csv,candidate_unreviewed,,
trustsecai-gold-v1-00266,evx-portscan-341280,341280,PortScan,ATTACK,0.9887872338294983,high,attack_mapping,medium,mixed_direct_and_inferred,True,True,Friday-WorkingHours-Afternoon-PortScan.pcap_ISCX.csv,candidate_unreviewed,,
trustsecai-gold-v1-00263,evx-portscan-341280,341280,PortScan,ATTACK,0.9887872338294983,high,threat_hunting_followup,hard,mixed_direct_and_inferred,True,True,Friday-WorkingHours-Afternoon-PortScan.pcap_ISCX.csv,candidate_unreviewed,,
trustsecai-gold-v1-00348,evx-portscan-405688,405688,PortScan,ATTACK,0.9960756897926331,high,soc_incident_assessment,expert,mixed_direct_and_inferred,True,True,Friday-WorkingHours-Afternoon-PortScan.pcap_ISCX.csv,candidate_unreviewed,,
trustsecai-gold-v1-00257,evx-portscan-340424,340424,PortScan,ATTACK,0.9936182498931885,high,uncertainty_evidence_gap,easy,mixed_direct_and_inferred,True,True,Friday-WorkingHours-Afternoon-PortScan.pcap_ISCX.csv,candidate_unreviewed,,
trustsecai-gold-v1-00223,evx-portscan-331395,331395,PortScan,ATTACK,0.9986873269081116,high,vulnerability_context,hard,mixed_direct_and_inferred,True,True,Friday-WorkingHours-Afternoon-PortScan.pcap_ISCX.csv,candidate_unreviewed,,
trustsecai-gold-v1-00225,evx-portscan-332419,332419,PortScan,ATTACK,0.9990082383155823,high,executive_summary,easy,mixed_direct_and_inferred,True,True,Friday-WorkingHours-Afternoon-PortScan.pcap_ISCX.csv,candidate_unreviewed,,
trustsecai-gold-v1-00227,evx-portscan-332419,332419,PortScan,ATTACK,0.9990082383155823,high,soc_incident_assessment,hard,mixed_direct_and_inferred,True,True,Friday-WorkingHours-Afternoon-PortScan.pcap_ISCX.csv,candidate_unreviewed,,
trustsecai-gold-v1-00228,evx-portscan-332419,332419,PortScan,ATTACK,0.9990082383155823,high,vulnerability_context,expert,mixed_direct_and_inferred,True,True,Friday-WorkingHours-Afternoon-PortScan.pcap_ISCX.csv,candidate_unreviewed,,
trustsecai-gold-v1-00230,evx-portscan-332419,332419,PortScan,ATTACK,0.9990082383155823,high,multi_turn_analyst_interaction,medium,mixed_direct_and_inferred,True,True,Friday-WorkingHours-Afternoon-PortScan.pcap_ISCX.csv,candidate_unreviewed,,
trustsecai-gold-v1-00245,evx-portscan-336318,336318,PortScan,ATTACK,0.9986405968666077,high,vulnerability_context,easy,mixed_direct_and_inferred,True,True,Friday-WorkingHours-Afternoon-PortScan.pcap_ISCX.csv,candidate_unreviewed,,
trustsecai-gold-v1-00259,evx-portscan-340424,340424,PortScan,ATTACK,0.9936182498931885,high,mitigation_detection,hard,mixed_direct_and_inferred,True,True,Friday-WorkingHours-Afternoon-PortScan.pcap_ISCX.csv,candidate_unreviewed,,
trustsecai-gold-v1-00272,evx-portscan-343456,343456,PortScan,ATTACK,0.998296320438385,high,uncertainty_evidence_gap,expert,mixed_direct_and_inferred,True,True,Friday-WorkingHours-Afternoon-PortScan.pcap_ISCX.csv,candidate_unreviewed,,
trustsecai-gold-v1-00350,evx-portscan-405688,405688,PortScan,ATTACK,0.9960756897926331,high,threat_hunting_followup,medium,mixed_direct_and_inferred,True,True,Friday-WorkingHours-Afternoon-PortScan.pcap_ISCX.csv,candidate_unreviewed,,
trustsecai-gold-v1-00346,evx-portscan-405688,405688,PortScan,ATTACK,0.9960756897926331,high,multi_turn_analyst_interaction,medium,mixed_direct_and_inferred,True,True,Friday-WorkingHours-Afternoon-PortScan.pcap_ISCX.csv,candidate_unreviewed,,
trustsecai-gold-v1-00261,evx-portscan-341280,341280,PortScan,ATTACK,0.9887872338294983,high,multi_turn_analyst_interaction,easy,mixed_direct_and_inferred,True,True,Friday-WorkingHours-Afternoon-PortScan.pcap_ISCX.csv,candidate_unreviewed,,
trustsecai-gold-v1-00338,evx-portscan-386272,386272,PortScan,ATTACK,0.9999909400939941,high,vulnerability_context,medium,mixed_direct_and_inferred,True,True,Friday-WorkingHours-Afternoon-PortScan.pcap_ISCX.csv,candidate_unreviewed,,
trustsecai-gold-v1-00275,evx-portscan-353325,353325,PortScan,ATTACK,0.999977707862854,high,executive_summary,hard,mixed_direct_and_inferred,True,True,Friday-WorkingHours-Afternoon-PortScan.pcap_ISCX.csv,candidate_unreviewed,,
trustsecai-gold-v1-00324,evx-portscan-377326,377326,PortScan,ATTACK,0.9999825954437256,high,mitigation_detection,expert,mixed_direct_and_inferred,True,True,Friday-WorkingHours-Afternoon-PortScan.pcap_ISCX.csv,candidate_unreviewed,,
trustsecai-gold-v1-00277,evx-portscan-353325,353325,PortScan,ATTACK,0.999977707862854,high,threat_hunting_followup,easy,mixed_direct_and_inferred,True,True,Friday-WorkingHours-Afternoon-PortScan.pcap_ISCX.csv,candidate_unreviewed,,
trustsecai-gold-v1-00278,evx-portscan-353325,353325,PortScan,ATTACK,0.999977707862854,high,soc_incident_assessment,medium,mixed_direct_and_inferred,True,True,Friday-WorkingHours-Afternoon-PortScan.pcap_ISCX.csv,candidate_unreviewed,,
trustsecai-gold-v1-00299,evx-portscan-364985,364985,PortScan,ATTACK,0.9999970197677612,high,attack_mapping,hard,mixed_direct_and_inferred,True,True,Friday-WorkingHours-Afternoon-PortScan.pcap_ISCX.csv,candidate_unreviewed,,
trustsecai-gold-v1-00296,evx-portscan-364985,364985,PortScan,ATTACK,0.9999970197677612,high,soc_incident_assessment,expert,mixed_direct_and_inferred,True,True,Friday-WorkingHours-Afternoon-PortScan.pcap_ISCX.csv,candidate_unreviewed,,
trustsecai-gold-v1-00317,evx-portscan-370983,370983,PortScan,ATTACK,0.9999938011169434,high,mitigation_detection,easy,mixed_direct_and_inferred,True,True,Friday-WorkingHours-Afternoon-PortScan.pcap_ISCX.csv,candidate_unreviewed,,
trustsecai-gold-v1-00313,evx-portscan-368127,368127,PortScan,ATTACK,0.9999951124191284,high,multi_turn_analyst_interaction,easy,mixed_direct_and_inferred,True,True,Friday-WorkingHours-Afternoon-PortScan.pcap_ISCX.csv,candidate_unreviewed,,
trustsecai-gold-v1-00286,evx-portscan-353774,353774,PortScan,ATTACK,0.9999932050704956,high,uncertainty_evidence_gap,medium,mixed_direct_and_inferred,True,True,Friday-WorkingHours-Afternoon-PortScan.pcap_ISCX.csv,candidate_unreviewed,,
trustsecai-gold-v1-00331,evx-portscan-383106,383106,PortScan,ATTACK,0.9999955892562866,high,threat_hunting_followup,hard,mixed_direct_and_inferred,True,True,Friday-WorkingHours-Afternoon-PortScan.pcap_ISCX.csv,candidate_unreviewed,,
trustsecai-gold-v1-00320,evx-portscan-370983,370983,PortScan,ATTACK,0.9999938011169434,high,uncertainty_evidence_gap,expert,mixed_direct_and_inferred,True,True,Friday-WorkingHours-Afternoon-PortScan.pcap_ISCX.csv,candidate_unreviewed,,
trustsecai-gold-v1-00314,evx-portscan-368127,368127,PortScan,ATTACK,0.9999951124191284,high,mitigation_detection,medium,mixed_direct_and_inferred,True,True,Friday-WorkingHours-Afternoon-PortScan.pcap_ISCX.csv,candidate_unreviewed,,
trustsecai-gold-v1-00291,evx-portscan-359180,359180,PortScan,ATTACK,0.9999939203262329,high,multi_turn_analyst_interaction,hard,mixed_direct_and_inferred,True,True,Friday-WorkingHours-Afternoon-PortScan.pcap_ISCX.csv,candidate_unreviewed,,
trustsecai-gold-v1-00292,evx-portscan-359180,359180,PortScan,ATTACK,0.9999939203262329,high,executive_summary,expert,mixed_direct_and_inferred,True,True,Friday-WorkingHours-Afternoon-PortScan.pcap_ISCX.csv,candidate_unreviewed,,
trustsecai-gold-v1-00325,evx-portscan-377326,377326,PortScan,ATTACK,0.9999825954437256,high,soc_incident_assessment,easy,mixed_direct_and_inferred,True,True,Friday-WorkingHours-Afternoon-PortScan.pcap_ISCX.csv,candidate_unreviewed,,
trustsecai-gold-v1-00323,evx-portscan-377326,377326,PortScan,ATTACK,0.9999825954437256,high,uncertainty_evidence_gap,hard,mixed_direct_and_inferred,True,True,Friday-WorkingHours-Afternoon-PortScan.pcap_ISCX.csv,candidate_unreviewed,,
trustsecai-gold-v1-00298,evx-portscan-364985,364985,PortScan,ATTACK,0.9999970197677612,high,multi_turn_analyst_interaction,medium,mixed_direct_and_inferred,True,True,Friday-WorkingHours-Afternoon-PortScan.pcap_ISCX.csv,candidate_unreviewed,,
trustsecai-gold-v1-00308,evx-portscan-365332,365332,PortScan,ATTACK,0.9999974966049194,high,vulnerability_context,expert,mixed_direct_and_inferred,True,True,Friday-WorkingHours-Afternoon-PortScan.pcap_ISCX.csv,candidate_unreviewed,,
trustsecai-gold-v1-00302,evx-portscan-365332,365332,PortScan,ATTACK,0.9999974966049194,high,executive_summary,medium,mixed_direct_and_inferred,True,True,Friday-WorkingHours-Afternoon-PortScan.pcap_ISCX.csv,candidate_unreviewed,,
trustsecai-gold-v1-00303,evx-portscan-365332,365332,PortScan,ATTACK,0.9999974966049194,high,mitigation_detection,hard,mixed_direct_and_inferred,True,True,Friday-WorkingHours-Afternoon-PortScan.pcap_ISCX.csv,candidate_unreviewed,,
trustsecai-gold-v1-00304,evx-portscan-365332,365332,PortScan,ATTACK,0.9999974966049194,high,multi_turn_analyst_interaction,expert,mixed_direct_and_inferred,True,True,Friday-WorkingHours-Afternoon-PortScan.pcap_ISCX.csv,candidate_unreviewed,,
trustsecai-gold-v1-00305,evx-portscan-365332,365332,PortScan,ATTACK,0.9999974966049194,high,uncertainty_evidence_gap,easy,mixed_direct_and_inferred,True,True,Friday-WorkingHours-Afternoon-PortScan.pcap_ISCX.csv,candidate_unreviewed,,
trustsecai-gold-v1-00311,evx-portscan-368127,368127,PortScan,ATTACK,0.9999951124191284,high,vulnerability_context,hard,mixed_direct_and_inferred,True,True,Friday-WorkingHours-Afternoon-PortScan.pcap_ISCX.csv,candidate_unreviewed,,
trustsecai-gold-v1-00312,evx-portscan-368127,368127,PortScan,ATTACK,0.9999951124191284,high,threat_hunting_followup,expert,mixed_direct_and_inferred,True,True,Friday-WorkingHours-Afternoon-PortScan.pcap_ISCX.csv,candidate_unreviewed,,
trustsecai-gold-v1-00336,evx-portscan-383106,383106,PortScan,ATTACK,0.9999955892562866,high,attack_mapping,expert,mixed_direct_and_inferred,True,True,Friday-WorkingHours-Afternoon-PortScan.pcap_ISCX.csv,candidate_unreviewed,,
trustsecai-gold-v1-00318,evx-portscan-370983,370983,PortScan,ATTACK,0.9999938011169434,high,threat_hunting_followup,medium,mixed_direct_and_inferred,True,True,Friday-WorkingHours-Afternoon-PortScan.pcap_ISCX.csv,candidate_unreviewed,,
trustsecai-gold-v1-00319,evx-portscan-370983,370983,PortScan,ATTACK,0.9999938011169434,high,soc_incident_assessment,hard,mixed_direct_and_inferred,True,True,Friday-WorkingHours-Afternoon-PortScan.pcap_ISCX.csv,candidate_unreviewed,,
trustsecai-gold-v1-00321,evx-portscan-370983,370983,PortScan,ATTACK,0.9999938011169434,high,vulnerability_context,easy,mixed_direct_and_inferred,True,True,Friday-WorkingHours-Afternoon-PortScan.pcap_ISCX.csv,candidate_unreviewed,,
trustsecai-gold-v1-00337,evx-portscan-386272,386272,PortScan,ATTACK,0.9999909400939941,high,executive_summary,easy,mixed_direct_and_inferred,True,True,Friday-WorkingHours-Afternoon-PortScan.pcap_ISCX.csv,candidate_unreviewed,,
trustsecai-gold-v1-00349,evx-portscan-405688,405688,PortScan,ATTACK,0.9960756897926331,high,executive_summary,easy,mixed_direct_and_inferred,True,True,Friday-WorkingHours-Afternoon-PortScan.pcap_ISCX.csv,candidate_unreviewed,,
trustsecai-gold-v1-00351,evx-bot-496358,496358,Bot,ATTACK,0.9942686557769775,high,soc_incident_assessment,hard,direct,True,False,Friday-WorkingHours-Morning.pcap_ISCX.csv,candidate_unreviewed,,
trustsecai-gold-v1-00352,evx-bot-496358,496358,Bot,ATTACK,0.9942686557769775,high,executive_summary,expert,direct,True,False,Friday-WorkingHours-Morning.pcap_ISCX.csv,candidate_unreviewed,,
trustsecai-gold-v1-00353,evx-bot-496358,496358,Bot,ATTACK,0.9942686557769775,high,soc_incident_assessment,easy,direct,True,False,Friday-WorkingHours-Morning.pcap_ISCX.csv,candidate_unreviewed,,
trustsecai-gold-v1-00354,evx-bot-496358,496358,Bot,ATTACK,0.9942686557769775,high,uncertainty_evidence_gap,medium,direct,True,False,Friday-WorkingHours-Morning.pcap_ISCX.csv,candidate_unreviewed,,
trustsecai-gold-v1-00363,evx-bot-525235,525235,Bot,ATTACK,0.9955012202262878,high,attack_mapping,hard,direct,True,False,Friday-WorkingHours-Morning.pcap_ISCX.csv,candidate_unreviewed,,
trustsecai-gold-v1-00364,evx-bot-525235,525235,Bot,ATTACK,0.9955012202262878,high,vulnerability_context,expert,direct,True,False,Friday-WorkingHours-Morning.pcap_ISCX.csv,candidate_unreviewed,,
trustsecai-gold-v1-00357,evx-bot-496358,496358,Bot,ATTACK,0.9942686557769775,high,threat_hunting_followup,easy,direct,True,False,Friday-WorkingHours-Morning.pcap_ISCX.csv,candidate_unreviewed,,
trustsecai-gold-v1-00358,evx-bot-525235,525235,Bot,ATTACK,0.9955012202262878,high,threat_hunting_followup,medium,direct,True,False,Friday-WorkingHours-Morning.pcap_ISCX.csv,candidate_unreviewed,,
trustsecai-gold-v1-00359,evx-bot-525235,525235,Bot,ATTACK,0.9955012202262878,high,uncertainty_evidence_gap,hard,direct,True,False,Friday-WorkingHours-Morning.pcap_ISCX.csv,candidate_unreviewed,,
trustsecai-gold-v1-00360,evx-bot-525235,525235,Bot,ATTACK,0.9955012202262878,high,soc_incident_assessment,expert,direct,True,False,Friday-WorkingHours-Morning.pcap_ISCX.csv,candidate_unreviewed,,
trustsecai-gold-v1-00361,evx-bot-525235,525235,Bot,ATTACK,0.9955012202262878,high,multi_turn_analyst_interaction,easy,direct,True,False,Friday-WorkingHours-Morning.pcap_ISCX.csv,candidate_unreviewed,,
trustsecai-gold-v1-00362,evx-bot-525235,525235,Bot,ATTACK,0.9955012202262878,high,executive_summary,medium,direct,True,False,Friday-WorkingHours-Morning.pcap_ISCX.csv,candidate_unreviewed,,
trustsecai-gold-v1-00365,evx-bot-529606,529606,Bot,ATTACK,0.9977378845214844,high,vulnerability_context,easy,direct,True,False,Friday-WorkingHours-Morning.pcap_ISCX.csv,candidate_unreviewed,,
trustsecai-gold-v1-00418,evx-bot-541359,541359,Bot,ATTACK,0.9981284737586975,high,soc_incident_assessment,medium,direct,True,False,Friday-WorkingHours-Morning.pcap_ISCX.csv,candidate_unreviewed,,
trustsecai-gold-v1-00367,evx-bot-529606,529606,Bot,ATTACK,0.9977378845214844,high,mitigation_detection,hard,direct,True,False,Friday-WorkingHours-Morning.pcap_ISCX.csv,candidate_unreviewed,,
trustsecai-gold-v1-00368,evx-bot-529606,529606,Bot,ATTACK,0.9977378845214844,high,soc_incident_assessment,expert,direct,True,False,Friday-WorkingHours-Morning.pcap_ISCX.csv,candidate_unreviewed,,
trustsecai-gold-v1-00369,evx-bot-529606,529606,Bot,ATTACK,0.9977378845214844,high,attack_mapping,easy,direct,True,False,Friday-WorkingHours-Morning.pcap_ISCX.csv,candidate_unreviewed,,
trustsecai-gold-v1-00370,evx-bot-529606,529606,Bot,ATTACK,0.9977378845214844,high,uncertainty_evidence_gap,medium,direct,True,False,Friday-WorkingHours-Morning.pcap_ISCX.csv,candidate_unreviewed,,
trustsecai-gold-v1-00371,evx-bot-529606,529606,Bot,ATTACK,0.9977378845214844,high,multi_turn_analyst_interaction,hard,direct,True,False,Friday-WorkingHours-Morning.pcap_ISCX.csv,candidate_unreviewed,,
trustsecai-gold-v1-00372,evx-bot-529775,529775,Bot,ATTACK,0.9999727010726929,high,executive_summary,expert,direct,True,False,Friday-WorkingHours-Morning.pcap_ISCX.csv,candidate_unreviewed,,
trustsecai-gold-v1-00373,evx-bot-529775,529775,Bot,ATTACK,0.9999727010726929,high,multi_turn_analyst_interaction,easy,direct,True,False,Friday-WorkingHours-Morning.pcap_ISCX.csv,candidate_unreviewed,,
trustsecai-gold-v1-00378,evx-bot-529775,529775,Bot,ATTACK,0.9999727010726929,high,soc_incident_assessment,medium,direct,True,False,Friday-WorkingHours-Morning.pcap_ISCX.csv,candidate_unreviewed,,
trustsecai-gold-v1-00375,evx-bot-529775,529775,Bot,ATTACK,0.9999727010726929,high,mitigation_detection,hard,direct,True,False,Friday-WorkingHours-Morning.pcap_ISCX.csv,candidate_unreviewed,,
trustsecai-gold-v1-00376,evx-bot-529775,529775,Bot,ATTACK,0.9999727010726929,high,vulnerability_context,expert,direct,True,False,Friday-WorkingHours-Morning.pcap_ISCX.csv,candidate_unreviewed,,
trustsecai-gold-v1-00389,evx-bot-535432,535432,Bot,ATTACK,0.999969482421875,high,threat_hunting_followup,easy,direct,True,False,Friday-WorkingHours-Morning.pcap_ISCX.csv,candidate_unreviewed,,
trustsecai-gold-v1-00459,evx-bot-549246,549246,Bot,ATTACK,0.9999613761901855,high,multi_turn_analyst_interaction,hard,direct,True,False,Friday-WorkingHours-Morning.pcap_ISCX.csv,candidate_unreviewed,,
trustsecai-gold-v1-00381,evx-bot-534402,534402,Bot,ATTACK,0.9999681711196899,high,soc_incident_assessment,easy,direct,True,False,Friday-WorkingHours-Morning.pcap_ISCX.csv,candidate_unreviewed,,
trustsecai-gold-v1-00458,evx-bot-549246,549246,Bot,ATTACK,0.9999613761901855,high,attack_mapping,medium,direct,True,False,Friday-WorkingHours-Morning.pcap_ISCX.csv,candidate_unreviewed,,
trustsecai-gold-v1-00391,evx-bot-535432,535432,Bot,ATTACK,0.999969482421875,high,vulnerability_context,hard,direct,True,False,Friday-WorkingHours-Morning.pcap_ISCX.csv,candidate_unreviewed,,
trustsecai-gold-v1-00460,evx-bot-549246,549246,Bot,ATTACK,0.9999613761901855,high,uncertainty_evidence_gap,expert,direct,True,False,Friday-WorkingHours-Morning.pcap_ISCX.csv,candidate_unreviewed,,
trustsecai-gold-v1-00461,evx-bot-549246,549246,Bot,ATTACK,0.9999613761901855,high,mitigation_detection,easy,direct,True,False,Friday-WorkingHours-Morning.pcap_ISCX.csv,candidate_unreviewed,,
trustsecai-gold-v1-00454,evx-bot-543427,543427,Bot,ATTACK,0.9999741315841675,high,uncertainty_evidence_gap,medium,direct,True,False,Friday-WorkingHours-Morning.pcap_ISCX.csv,candidate_unreviewed,,
trustsecai-gold-v1-00387,evx-bot-535432,535432,Bot,ATTACK,0.999969482421875,high,soc_incident_assessment,hard,direct,True,False,Friday-WorkingHours-Morning.pcap_ISCX.csv,candidate_unreviewed,,
trustsecai-gold-v1-00390,evx-bot-535432,535432,Bot,ATTACK,0.999969482421875,high,multi_turn_analyst_interaction,medium,direct,True,False,Friday-WorkingHours-Morning.pcap_ISCX.csv,candidate_unreviewed,,
trustsecai-gold-v1-00392,evx-bot-535432,535432,Bot,ATTACK,0.999969482421875,high,attack_mapping,expert,direct,True,False,Friday-WorkingHours-Morning.pcap_ISCX.csv,candidate_unreviewed,,
trustsecai-gold-v1-00433,evx-bot-541862,541862,Bot,ATTACK,0.9995726943016052,high,soc_incident_assessment,easy,direct,True,False,Friday-WorkingHours-Morning.pcap_ISCX.csv,candidate_unreviewed,,
trustsecai-gold-v1-00394,evx-bot-535523,535523,Bot,ATTACK,0.9976947903633118,high,threat_hunting_followup,medium,direct,True,False,Friday-WorkingHours-Morning.pcap_ISCX.csv,candidate_unreviewed,,
trustsecai-gold-v1-00395,evx-bot-535523,535523,Bot,ATTACK,0.9976947903633118,high,multi_turn_analyst_interaction,hard,direct,True,False,Friday-WorkingHours-Morning.pcap_ISCX.csv,candidate_unreviewed,,
trustsecai-gold-v1-00396,evx-bot-535523,535523,Bot,ATTACK,0.9976947903633118,high,executive_summary,expert,direct,True,False,Friday-WorkingHours-Morning.pcap_ISCX.csv,candidate_unreviewed,,
trustsecai-gold-v1-00397,evx-bot-535523,535523,Bot,ATTACK,0.9976947903633118,high,mitigation_detection,easy,direct,True,False,Friday-WorkingHours-Morning.pcap_ISCX.csv,candidate_unreviewed,,
trustsecai-gold-v1-00398,evx-bot-535523,535523,Bot,ATTACK,0.9976947903633118,high,attack_mapping,medium,direct,True,False,Friday-WorkingHours-Morning.pcap_ISCX.csv,candidate_unreviewed,,
trustsecai-gold-v1-00399,evx-bot-535523,535523,Bot,ATTACK,0.9976947903633118,high,vulnerability_context,hard,direct,True,False,Friday-WorkingHours-Morning.pcap_ISCX.csv,candidate_unreviewed,,
trustsecai-gold-v1-00456,evx-bot-549246,549246,Bot,ATTACK,0.9999613761901855,high,soc_incident_assessment,expert,direct,True,False,Friday-WorkingHours-Morning.pcap_ISCX.csv,candidate_unreviewed,,
trustsecai-gold-v1-00401,evx-bot-536634,536634,Bot,ATTACK,0.9999719858169556,high,uncertainty_evidence_gap,easy,direct,True,False,Friday-WorkingHours-Morning.pcap_ISCX.csv,candidate_unreviewed,,
trustsecai-gold-v1-00402,evx-bot-536634,536634,Bot,ATTACK,0.9999719858169556,high,vulnerability_context,medium,direct,True,False,Friday-WorkingHours-Morning.pcap_ISCX.csv,candidate_unreviewed,,
trustsecai-gold-v1-00403,evx-bot-536634,536634,Bot,ATTACK,0.9999719858169556,high,threat_hunting_followup,hard,direct,True,False,Friday-WorkingHours-Morning.pcap_ISCX.csv,candidate_unreviewed,,
trustsecai-gold-v1-00447,evx-bot-542797,542797,Bot,ATTACK,0.997268557548523,high,vulnerability_context,hard,direct,True,False,Friday-WorkingHours-Morning.pcap_ISCX.csv,candidate_unreviewed,,
trustsecai-gold-v1-00408,evx-bot-537733,537733,Bot,ATTACK,0.9949111342430115,high,uncertainty_evidence_gap,expert,direct,True,False,Friday-WorkingHours-Morning.pcap_ISCX.csv,candidate_unreviewed,,
trustsecai-gold-v1-00409,evx-bot-537733,537733,Bot,ATTACK,0.9949111342430115,high,executive_summary,easy,direct,True,False,Friday-WorkingHours-Morning.pcap_ISCX.csv,candidate_unreviewed,,
trustsecai-gold-v1-00410,evx-bot-537733,537733,Bot,ATTACK,0.9949111342430115,high,mitigation_detection,medium,direct,True,False,Friday-WorkingHours-Morning.pcap_ISCX.csv,candidate_unreviewed,,
trustsecai-gold-v1-00411,evx-bot-537733,537733,Bot,ATTACK,0.9949111342430115,high,soc_incident_assessment,hard,direct,True,False,Friday-WorkingHours-Morning.pcap_ISCX.csv,candidate_unreviewed,,
trustsecai-gold-v1-00412,evx-bot-537733,537733,Bot,ATTACK,0.9949111342430115,high,multi_turn_analyst_interaction,expert,direct,True,False,Friday-WorkingHours-Morning.pcap_ISCX.csv,candidate_unreviewed,,
trustsecai-gold-v1-00437,evx-bot-542142,542142,Bot,ATTACK,0.9874853491783142,high,attack_mapping,easy,direct,True,False,Friday-WorkingHours-Morning.pcap_ISCX.csv,candidate_unreviewed,,
trustsecai-gold-v1-00415,evx-bot-541359,541359,Bot,ATTACK,0.9981284737586975,high,soc_incident_assessment,hard,direct,True,False,Friday-WorkingHours-Morning.pcap_ISCX.csv,candidate_unreviewed,,
trustsecai-gold-v1-00416,evx-bot-541359,541359,Bot,ATTACK,0.9981284737586975,high,attack_mapping,expert,direct,True,False,Friday-WorkingHours-Morning.pcap_ISCX.csv,candidate_unreviewed,,
trustsecai-gold-v1-00417,evx-bot-541359,541359,Bot,ATTACK,0.9981284737586975,high,threat_hunting_followup,easy,direct,True,False,Friday-WorkingHours-Morning.pcap_ISCX.csv,candidate_unreviewed,,
trustsecai-gold-v1-00419,evx-bot-541359,541359,Bot,ATTACK,0.9981284737586975,high,executive_summary,hard,direct,True,False,Friday-WorkingHours-Morning.pcap_ISCX.csv,candidate_unreviewed,,
trustsecai-gold-v1-00420,evx-bot-541359,541359,Bot,ATTACK,0.9981284737586975,high,mitigation_detection,expert,direct,True,False,Friday-WorkingHours-Morning.pcap_ISCX.csv,candidate_unreviewed,,
trustsecai-gold-v1-00421,evx-bot-541856,541856,Bot,ATTACK,0.954100489616394,high,multi_turn_analyst_interaction,easy,direct,True,False,Friday-WorkingHours-Morning.pcap_ISCX.csv,candidate_unreviewed,,
trustsecai-gold-v1-00422,evx-bot-541856,541856,Bot,ATTACK,0.954100489616394,high,mitigation_detection,medium,direct,True,False,Friday-WorkingHours-Morning.pcap_ISCX.csv,candidate_unreviewed,,
trustsecai-gold-v1-00423,evx-bot-541856,541856,Bot,ATTACK,0.954100489616394,high,soc_incident_assessment,hard,direct,True,False,Friday-WorkingHours-Morning.pcap_ISCX.csv,candidate_unreviewed,,
trustsecai-gold-v1-00424,evx-bot-541856,541856,Bot,ATTACK,0.954100489616394,high,attack_mapping,expert,direct,True,False,Friday-WorkingHours-Morning.pcap_ISCX.csv,candidate_unreviewed,,
trustsecai-gold-v1-00425,evx-bot-541856,541856,Bot,ATTACK,0.954100489616394,high,threat_hunting_followup,easy,direct,True,False,Friday-WorkingHours-Morning.pcap_ISCX.csv,candidate_unreviewed,,
trustsecai-gold-v1-00426,evx-bot-541856,541856,Bot,ATTACK,0.954100489616394,high,executive_summary,medium,direct,True,False,Friday-WorkingHours-Morning.pcap_ISCX.csv,candidate_unreviewed,,
trustsecai-gold-v1-00427,evx-bot-541856,541856,Bot,ATTACK,0.954100489616394,high,vulnerability_context,hard,direct,True,False,Friday-WorkingHours-Morning.pcap_ISCX.csv,candidate_unreviewed,,
trustsecai-gold-v1-00428,evx-bot-541862,541862,Bot,ATTACK,0.9995726943016052,high,multi_turn_analyst_interaction,expert,direct,True,False,Friday-WorkingHours-Morning.pcap_ISCX.csv,candidate_unreviewed,,
trustsecai-gold-v1-00429,evx-bot-541862,541862,Bot,ATTACK,0.9995726943016052,high,attack_mapping,easy,direct,True,False,Friday-WorkingHours-Morning.pcap_ISCX.csv,candidate_unreviewed,,
trustsecai-gold-v1-00430,evx-bot-541862,541862,Bot,ATTACK,0.9995726943016052,high,vulnerability_context,medium,direct,True,False,Friday-WorkingHours-Morning.pcap_ISCX.csv,candidate_unreviewed,,
trustsecai-gold-v1-00431,evx-bot-541862,541862,Bot,ATTACK,0.9995726943016052,high,soc_incident_assessment,hard,direct,True,False,Friday-WorkingHours-Morning.pcap_ISCX.csv,candidate_unreviewed,,
trustsecai-gold-v1-00444,evx-bot-542797,542797,Bot,ATTACK,0.997268557548523,high,executive_summary,expert,direct,True,False,Friday-WorkingHours-Morning.pcap_ISCX.csv,candidate_unreviewed,,
trustsecai-gold-v1-00438,evx-bot-542142,542142,Bot,ATTACK,0.9874853491783142,high,multi_turn_analyst_interaction,medium,direct,True,False,Friday-WorkingHours-Morning.pcap_ISCX.csv,candidate_unreviewed,,
trustsecai-gold-v1-00439,evx-bot-542142,542142,Bot,ATTACK,0.9874853491783142,high,uncertainty_evidence_gap,hard,direct,True,False,Friday-WorkingHours-Morning.pcap_ISCX.csv,candidate_unreviewed,,
trustsecai-gold-v1-00440,evx-bot-542142,542142,Bot,ATTACK,0.9874853491783142,high,threat_hunting_followup,expert,direct,True,False,Friday-WorkingHours-Morning.pcap_ISCX.csv,candidate_unreviewed,,
trustsecai-gold-v1-00441,evx-bot-542142,542142,Bot,ATTACK,0.9874853491783142,high,mitigation_detection,easy,direct,True,False,Friday-WorkingHours-Morning.pcap_ISCX.csv,candidate_unreviewed,,
trustsecai-gold-v1-00442,evx-bot-542797,542797,Bot,ATTACK,0.997268557548523,high,attack_mapping,medium,direct,True,False,Friday-WorkingHours-Morning.pcap_ISCX.csv,candidate_unreviewed,,
trustsecai-gold-v1-00443,evx-bot-542797,542797,Bot,ATTACK,0.997268557548523,high,mitigation_detection,hard,direct,True,False,Friday-WorkingHours-Morning.pcap_ISCX.csv,candidate_unreviewed,,
trustsecai-gold-v1-00445,evx-bot-542797,542797,Bot,ATTACK,0.997268557548523,high,uncertainty_evidence_gap,easy,direct,True,False,Friday-WorkingHours-Morning.pcap_ISCX.csv,candidate_unreviewed,,
trustsecai-gold-v1-00446,evx-bot-542797,542797,Bot,ATTACK,0.997268557548523,high,soc_incident_assessment,medium,direct,True,False,Friday-WorkingHours-Morning.pcap_ISCX.csv,candidate_unreviewed,,
trustsecai-gold-v1-00448,evx-bot-542797,542797,Bot,ATTACK,0.997268557548523,high,soc_incident_assessment,expert,direct,True,False,Friday-WorkingHours-Morning.pcap_ISCX.csv,candidate_unreviewed,,
trustsecai-gold-v1-00450,evx-bot-543427,543427,Bot,ATTACK,0.9999741315841675,high,mitigation_detection,medium,direct,True,False,Friday-WorkingHours-Morning.pcap_ISCX.csv,candidate_unreviewed,,
trustsecai-gold-v1-00451,evx-bot-543427,543427,Bot,ATTACK,0.9999741315841675,high,executive_summary,hard,direct,True,False,Friday-WorkingHours-Morning.pcap_ISCX.csv,candidate_unreviewed,,
trustsecai-gold-v1-00452,evx-bot-543427,543427,Bot,ATTACK,0.9999741315841675,high,threat_hunting_followup,expert,direct,True,False,Friday-WorkingHours-Morning.pcap_ISCX.csv,candidate_unreviewed,,
trustsecai-gold-v1-00462,evx-bot-549246,549246,Bot,ATTACK,0.9999613761901855,high,threat_hunting_followup,medium,direct,True,False,Friday-WorkingHours-Morning.pcap_ISCX.csv,candidate_unreviewed,,
trustsecai-gold-v1-00467,evx-bot-554513,554513,Bot,ATTACK,0.7834628224372864,medium,soc_incident_assessment,hard,direct,True,False,Friday-WorkingHours-Morning.pcap_ISCX.csv,candidate_unreviewed,,
trustsecai-gold-v1-00496,evx-bot-603385,603385,Bot,ATTACK,0.8359822630882263,medium,uncertainty_evidence_gap,expert,direct,True,False,Friday-WorkingHours-Morning.pcap_ISCX.csv,candidate_unreviewed,,
trustsecai-gold-v1-00465,evx-bot-554513,554513,Bot,ATTACK,0.7834628224372864,medium,threat_hunting_followup,easy,direct,True,False,Friday-WorkingHours-Morning.pcap_ISCX.csv,candidate_unreviewed,,
trustsecai-gold-v1-00466,evx-bot-554513,554513,Bot,ATTACK,0.7834628224372864,medium,executive_summary,medium,direct,True,False,Friday-WorkingHours-Morning.pcap_ISCX.csv,candidate_unreviewed,,
trustsecai-gold-v1-00468,evx-bot-554513,554513,Bot,ATTACK,0.7834628224372864,medium,vulnerability_context,expert,direct,True,False,Friday-WorkingHours-Morning.pcap_ISCX.csv,candidate_unreviewed,,
trustsecai-gold-v1-00469,evx-bot-554513,554513,Bot,ATTACK,0.7834628224372864,medium,mitigation_detection,easy,direct,True,False,Friday-WorkingHours-Morning.pcap_ISCX.csv,candidate_unreviewed,,
trustsecai-gold-v1-00483,evx-bot-586363,586363,Bot,BENIGN,0.6277649402618408,medium,vulnerability_context,hard,direct,True,False,Friday-WorkingHours-Morning.pcap_ISCX.csv,candidate_unreviewed,,
trustsecai-gold-v1-00472,evx-bot-579482,579482,Bot,ATTACK,0.7438023686408997,medium,threat_hunting_followup,expert,direct,True,False,Friday-WorkingHours-Morning.pcap_ISCX.csv,candidate_unreviewed,,
trustsecai-gold-v1-00493,evx-bot-603385,603385,Bot,ATTACK,0.8359822630882263,medium,soc_incident_assessment,easy,direct,True,False,Friday-WorkingHours-Morning.pcap_ISCX.csv,candidate_unreviewed,,
trustsecai-gold-v1-00474,evx-bot-579482,579482,Bot,ATTACK,0.7438023686408997,medium,attack_mapping,medium,direct,True,False,Friday-WorkingHours-Morning.pcap_ISCX.csv,candidate_unreviewed,,
trustsecai-gold-v1-00512,evx-bot-614212,614212,Bot,ATTACK,0.7746297121047974,medium,multi_turn_analyst_interaction,expert,direct,True,False,Friday-WorkingHours-Morning.pcap_ISCX.csv,candidate_unreviewed,,
trustsecai-gold-v1-00477,evx-bot-586363,586363,Bot,BENIGN,0.6277649402618408,medium,uncertainty_evidence_gap,easy,direct,True,False,Friday-WorkingHours-Morning.pcap_ISCX.csv,candidate_unreviewed,,
trustsecai-gold-v1-00478,evx-bot-586363,586363,Bot,BENIGN,0.6277649402618408,medium,soc_incident_assessment,medium,direct,True,False,Friday-WorkingHours-Morning.pcap_ISCX.csv,candidate_unreviewed,,
trustsecai-gold-v1-00479,evx-bot-586363,586363,Bot,BENIGN,0.6277649402618408,medium,attack_mapping,hard,direct,True,False,Friday-WorkingHours-Morning.pcap_ISCX.csv,candidate_unreviewed,,
trustsecai-gold-v1-00480,evx-bot-586363,586363,Bot,BENIGN,0.6277649402618408,medium,mitigation_detection,expert,direct,True,False,Friday-WorkingHours-Morning.pcap_ISCX.csv,candidate_unreviewed,,
trustsecai-gold-v1-00481,evx-bot-586363,586363,Bot,BENIGN,0.6277649402618408,medium,multi_turn_analyst_interaction,easy,direct,True,False,Friday-WorkingHours-Morning.pcap_ISCX.csv,candidate_unreviewed,,
trustsecai-gold-v1-00482,evx-bot-586363,586363,Bot,BENIGN,0.6277649402618408,medium,threat_hunting_followup,medium,direct,True,False,Friday-WorkingHours-Morning.pcap_ISCX.csv,candidate_unreviewed,,
trustsecai-gold-v1-00484,evx-bot-586983,586983,Bot,ATTACK,0.5993399024009705,low,uncertainty_evidence_gap,expert,direct,True,False,Friday-WorkingHours-Morning.pcap_ISCX.csv,candidate_unreviewed,,
trustsecai-gold-v1-00485,evx-bot-586983,586983,Bot,ATTACK,0.5993399024009705,low,soc_incident_assessment,easy,direct,True,False,Friday-WorkingHours-Morning.pcap_ISCX.csv,candidate_unreviewed,,
trustsecai-gold-v1-00486,evx-bot-586983,586983,Bot,ATTACK,0.5993399024009705,low,vulnerability_context,medium,direct,True,False,Friday-WorkingHours-Morning.pcap_ISCX.csv,candidate_unreviewed,,
trustsecai-gold-v1-00487,evx-bot-586983,586983,Bot,ATTACK,0.5993399024009705,low,executive_summary,hard,direct,True,False,Friday-WorkingHours-Morning.pcap_ISCX.csv,candidate_unreviewed,,
trustsecai-gold-v1-00520,evx-bot-614355,614355,Bot,ATTACK,0.5591093301773071,low,attack_mapping,expert,direct,True,False,Friday-WorkingHours-Morning.pcap_ISCX.csv,candidate_unreviewed,,
trustsecai-gold-v1-00489,evx-bot-586983,586983,Bot,ATTACK,0.5993399024009705,low,threat_hunting_followup,easy,direct,True,False,Friday-WorkingHours-Morning.pcap_ISCX.csv,candidate_unreviewed,,
trustsecai-gold-v1-00490,evx-bot-586983,586983,Bot,ATTACK,0.5993399024009705,low,multi_turn_analyst_interaction,medium,direct,True,False,Friday-WorkingHours-Morning.pcap_ISCX.csv,candidate_unreviewed,,
trustsecai-gold-v1-00516,evx-bot-614212,614212,Bot,ATTACK,0.7746297121047974,medium,executive_summary,expert,direct,True,False,Friday-WorkingHours-Morning.pcap_ISCX.csv,candidate_unreviewed,,
trustsecai-gold-v1-00494,evx-bot-603385,603385,Bot,ATTACK,0.8359822630882263,medium,vulnerability_context,medium,direct,True,False,Friday-WorkingHours-Morning.pcap_ISCX.csv,candidate_unreviewed,,
trustsecai-gold-v1-00502,evx-bot-605701,605701,Bot,ATTACK,0.7276864647865295,medium,multi_turn_analyst_interaction,medium,direct,True,False,Friday-WorkingHours-Morning.pcap_ISCX.csv,candidate_unreviewed,,
trustsecai-gold-v1-00503,evx-bot-605701,605701,Bot,ATTACK,0.7276864647865295,medium,mitigation_detection,hard,direct,True,False,Friday-WorkingHours-Morning.pcap_ISCX.csv,candidate_unreviewed,,
trustsecai-gold-v1-00505,evx-bot-613804,613804,Bot,ATTACK,0.884799063205719,medium,executive_summary,easy,direct,True,False,Friday-WorkingHours-Morning.pcap_ISCX.csv,candidate_unreviewed,,
trustsecai-gold-v1-00506,evx-bot-613804,613804,Bot,ATTACK,0.884799063205719,medium,soc_incident_assessment,medium,direct,True,False,Friday-WorkingHours-Morning.pcap_ISCX.csv,candidate_unreviewed,,
trustsecai-gold-v1-00507,evx-bot-613804,613804,Bot,ATTACK,0.884799063205719,medium,multi_turn_analyst_interaction,hard,direct,True,False,Friday-WorkingHours-Morning.pcap_ISCX.csv,candidate_unreviewed,,
trustsecai-gold-v1-00508,evx-bot-613804,613804,Bot,ATTACK,0.884799063205719,medium,attack_mapping,expert,direct,True,False,Friday-WorkingHours-Morning.pcap_ISCX.csv,candidate_unreviewed,,
trustsecai-gold-v1-00509,evx-bot-613804,613804,Bot,ATTACK,0.884799063205719,medium,vulnerability_context,easy,direct,True,False,Friday-WorkingHours-Morning.pcap_ISCX.csv,candidate_unreviewed,,
trustsecai-gold-v1-00511,evx-bot-613804,613804,Bot,ATTACK,0.884799063205719,medium,mitigation_detection,hard,direct,True,False,Friday-WorkingHours-Morning.pcap_ISCX.csv,candidate_unreviewed,,
trustsecai-gold-v1-00521,evx-bot-614355,614355,Bot,ATTACK,0.5591093301773071,low,uncertainty_evidence_gap,easy,direct,True,False,Friday-WorkingHours-Morning.pcap_ISCX.csv,candidate_unreviewed,,
trustsecai-gold-v1-00522,evx-bot-614355,614355,Bot,ATTACK,0.5591093301773071,low,soc_incident_assessment,medium,direct,True,False,Friday-WorkingHours-Morning.pcap_ISCX.csv,candidate_unreviewed,,
trustsecai-gold-v1-00523,evx-bot-614355,614355,Bot,ATTACK,0.5591093301773071,low,vulnerability_context,hard,direct,True,False,Friday-WorkingHours-Morning.pcap_ISCX.csv,candidate_unreviewed,,
trustsecai-gold-v1-00524,evx-bot-614355,614355,Bot,ATTACK,0.5591093301773071,low,mitigation_detection,expert,direct,True,False,Friday-WorkingHours-Morning.pcap_ISCX.csv,candidate_unreviewed,,
trustsecai-gold-v1-00525,evx-bot-614355,614355,Bot,ATTACK,0.5591093301773071,low,multi_turn_analyst_interaction,easy,direct,True,False,Friday-WorkingHours-Morning.pcap_ISCX.csv,candidate_unreviewed,,
trustsecai-gold-v1-00558,evx-web_attack___sql_injection-1447517,1447517,Web Attack - Sql Injection,ATTACK,0.9941545128822327,high,soc_incident_assessment,medium,direct,True,False,Thursday-WorkingHours-Morning-WebAttacks.pcap_ISCX.csv,candidate_unreviewed,,
trustsecai-gold-v1-00543,evx-web_attack___sql_injection-1447477,1447477,Web Attack - Sql Injection,ATTACK,0.9845429062843323,high,uncertainty_evidence_gap,hard,direct,True,False,Thursday-WorkingHours-Morning-WebAttacks.pcap_ISCX.csv,candidate_unreviewed,,
trustsecai-gold-v1-00528,evx-web_attack___sql_injection-1447444,1447444,Web Attack - Sql Injection,ATTACK,0.9477227926254272,high,soc_incident_assessment,expert,direct,True,False,Thursday-WorkingHours-Morning-WebAttacks.pcap_ISCX.csv,candidate_unreviewed,,
trustsecai-gold-v1-00529,evx-web_attack___sql_injection-1447444,1447444,Web Attack - Sql Injection,ATTACK,0.9477227926254272,high,threat_hunting_followup,easy,direct,True,False,Thursday-WorkingHours-Morning-WebAttacks.pcap_ISCX.csv,candidate_unreviewed,,
trustsecai-gold-v1-00530,evx-web_attack___sql_injection-1447444,1447444,Web Attack - Sql Injection,ATTACK,0.9477227926254272,high,multi_turn_analyst_interaction,medium,direct,True,False,Thursday-WorkingHours-Morning-WebAttacks.pcap_ISCX.csv,candidate_unreviewed,,
trustsecai-gold-v1-00531,evx-web_attack___sql_injection-1447444,1447444,Web Attack - Sql Injection,ATTACK,0.9477227926254272,high,attack_mapping,hard,direct,True,False,Thursday-WorkingHours-Morning-WebAttacks.pcap_ISCX.csv,candidate_unreviewed,,
trustsecai-gold-v1-00532,evx-web_attack___sql_injection-1447444,1447444,Web Attack - Sql Injection,ATTACK,0.9477227926254272,high,vulnerability_context,expert,direct,True,False,Thursday-WorkingHours-Morning-WebAttacks.pcap_ISCX.csv,candidate_unreviewed,,
trustsecai-gold-v1-00533,evx-web_attack___sql_injection-1447476,1447476,Web Attack - Sql Injection,ATTACK,0.9921478629112244,high,attack_mapping,easy,direct,True,False,Thursday-WorkingHours-Morning-WebAttacks.pcap_ISCX.csv,candidate_unreviewed,,
trustsecai-gold-v1-00666,evx-web_attack___sql_injection-1450208,1450208,Web Attack - Sql Injection,ATTACK,0.9976116418838501,high,threat_hunting_followup,medium,direct,True,False,Thursday-WorkingHours-Morning-WebAttacks.pcap_ISCX.csv,candidate_unreviewed,,
trustsecai-gold-v1-00535,evx-web_attack___sql_injection-1447476,1447476,Web Attack - Sql Injection,ATTACK,0.9921478629112244,high,vulnerability_context,hard,direct,True,False,Thursday-WorkingHours-Morning-WebAttacks.pcap_ISCX.csv,candidate_unreviewed,,
trustsecai-gold-v1-00668,evx-web_attack___sql_injection-1450208,1450208,Web Attack - Sql Injection,ATTACK,0.9976116418838501,high,executive_summary,expert,direct,True,False,Thursday-WorkingHours-Morning-WebAttacks.pcap_ISCX.csv,candidate_unreviewed,,
trustsecai-gold-v1-00553,evx-web_attack___sql_injection-1447498,1447498,Web Attack - Sql Injection,ATTACK,0.995721697807312,high,multi_turn_analyst_interaction,easy,direct,True,False,Thursday-WorkingHours-Morning-WebAttacks.pcap_ISCX.csv,candidate_unreviewed,,
trustsecai-gold-v1-00550,evx-web_attack___sql_injection-1447498,1447498,Web Attack - Sql Injection,ATTACK,0.995721697807312,high,soc_incident_assessment,medium,direct,True,False,Thursday-WorkingHours-Morning-WebAttacks.pcap_ISCX.csv,candidate_unreviewed,,
trustsecai-gold-v1-00667,evx-web_attack___sql_injection-1450208,1450208,Web Attack - Sql Injection,ATTACK,0.9976116418838501,high,mitigation_detection,hard,direct,True,False,Thursday-WorkingHours-Morning-WebAttacks.pcap_ISCX.csv,candidate_unreviewed,,
trustsecai-gold-v1-00556,evx-web_attack___sql_injection-1447517,1447517,Web Attack - Sql Injection,ATTACK,0.9941545128822327,high,mitigation_detection,expert,direct,True,False,Thursday-WorkingHours-Morning-WebAttacks.pcap_ISCX.csv,candidate_unreviewed,,
trustsecai-gold-v1-00541,evx-web_attack___sql_injection-1447477,1447477,Web Attack - Sql Injection,ATTACK,0.9845429062843323,high,attack_mapping,easy,direct,True,False,Thursday-WorkingHours-Morning-WebAttacks.pcap_ISCX.csv,candidate_unreviewed,,
trustsecai-gold-v1-00542,evx-web_attack___sql_injection-1447477,1447477,Web Attack - Sql Injection,ATTACK,0.9845429062843323,high,executive_summary,medium,direct,True,False,Thursday-WorkingHours-Morning-WebAttacks.pcap_ISCX.csv,candidate_unreviewed,,
trustsecai-gold-v1-00544,evx-web_attack___sql_injection-1447477,1447477,Web Attack - Sql Injection,ATTACK,0.9845429062843323,high,multi_turn_analyst_interaction,expert,direct,True,False,Thursday-WorkingHours-Morning-WebAttacks.pcap_ISCX.csv,candidate_unreviewed,,
trustsecai-gold-v1-00545,evx-web_attack___sql_injection-1447477,1447477,Web Attack - Sql Injection,ATTACK,0.9845429062843323,high,vulnerability_context,easy,direct,True,False,Thursday-WorkingHours-Morning-WebAttacks.pcap_ISCX.csv,candidate_unreviewed,,
trustsecai-gold-v1-00546,evx-web_attack___sql_injection-1447477,1447477,Web Attack - Sql Injection,ATTACK,0.9845429062843323,high,threat_hunting_followup,medium,direct,True,False,Thursday-WorkingHours-Morning-WebAttacks.pcap_ISCX.csv,candidate_unreviewed,,
trustsecai-gold-v1-00647,evx-web_attack___sql_injection-1449915,1449915,Web Attack - Sql Injection,ATTACK,0.9943351149559021,high,uncertainty_evidence_gap,hard,direct,True,False,Thursday-WorkingHours-Morning-WebAttacks.pcap_ISCX.csv,candidate_unreviewed,,
trustsecai-gold-v1-00672,evx-web_attack___sql_injection-1450208,1450208,Web Attack - Sql Injection,ATTACK,0.9976116418838501,high,vulnerability_context,expert,direct,True,False,Thursday-WorkingHours-Morning-WebAttacks.pcap_ISCX.csv,candidate_unreviewed,,
trustsecai-gold-v1-00549,evx-web_attack___sql_injection-1447498,1447498,Web Attack - Sql Injection,ATTACK,0.995721697807312,high,threat_hunting_followup,easy,direct,True,False,Thursday-WorkingHours-Morning-WebAttacks.pcap_ISCX.csv,candidate_unreviewed,,
trustsecai-gold-v1-00551,evx-web_attack___sql_injection-1447498,1447498,Web Attack - Sql Injection,ATTACK,0.995721697807312,high,soc_incident_assessment,hard,direct,True,False,Thursday-WorkingHours-Morning-WebAttacks.pcap_ISCX.csv,candidate_unreviewed,,
trustsecai-gold-v1-00614,evx-web_attack___sql_injection-1449396,1449396,Web Attack - Sql Injection,ATTACK,0.9882329106330872,high,vulnerability_context,medium,direct,True,False,Thursday-WorkingHours-Morning-WebAttacks.pcap_ISCX.csv,candidate_unreviewed,,
trustsecai-gold-v1-00555,evx-web_attack___sql_injection-1447517,1447517,Web Attack - Sql Injection,ATTACK,0.9941545128822327,high,multi_turn_analyst_interaction,hard,direct,True,False,Thursday-WorkingHours-Morning-WebAttacks.pcap_ISCX.csv,candidate_unreviewed,,
trustsecai-gold-v1-00557,evx-web_attack___sql_injection-1447517,1447517,Web Attack - Sql Injection,ATTACK,0.9941545128822327,high,soc_incident_assessment,easy,direct,True,False,Thursday-WorkingHours-Morning-WebAttacks.pcap_ISCX.csv,candidate_unreviewed,,
trustsecai-gold-v1-00615,evx-web_attack___sql_injection-1449396,1449396,Web Attack - Sql Injection,ATTACK,0.9882329106330872,high,threat_hunting_followup,hard,direct,True,False,Thursday-WorkingHours-Morning-WebAttacks.pcap_ISCX.csv,candidate_unreviewed,,
trustsecai-gold-v1-00560,evx-web_attack___sql_injection-1447517,1447517,Web Attack - Sql Injection,ATTACK,0.9941545128822327,high,uncertainty_evidence_gap,expert,direct,True,False,Thursday-WorkingHours-Morning-WebAttacks.pcap_ISCX.csv,candidate_unreviewed,,
trustsecai-gold-v1-00561,evx-web_attack___sql_injection-1447836,1447836,Web Attack - Sql Injection,ATTACK,0.9988886713981628,high,soc_incident_assessment,easy,direct,True,False,Thursday-WorkingHours-Morning-WebAttacks.pcap_ISCX.csv,candidate_unreviewed,,
trustsecai-gold-v1-00562,evx-web_attack___sql_injection-1447836,1447836,Web Attack - Sql Injection,ATTACK,0.9988886713981628,high,multi_turn_analyst_interaction,medium,direct,True,False,Thursday-WorkingHours-Morning-WebAttacks.pcap_ISCX.csv,candidate_unreviewed,,
trustsecai-gold-v1-00563,evx-web_attack___sql_injection-1447836,1447836,Web Attack - Sql Injection,ATTACK,0.9988886713981628,high,attack_mapping,hard,direct,True,False,Thursday-WorkingHours-Morning-WebAttacks.pcap_ISCX.csv,candidate_unreviewed,,
trustsecai-gold-v1-00564,evx-web_attack___sql_injection-1447836,1447836,Web Attack - Sql Injection,ATTACK,0.9988886713981628,high,threat_hunting_followup,expert,direct,True,False,Thursday-WorkingHours-Morning-WebAttacks.pcap_ISCX.csv,candidate_unreviewed,,
trustsecai-gold-v1-00565,evx-web_attack___sql_injection-1447836,1447836,Web Attack - Sql Injection,ATTACK,0.9988886713981628,high,mitigation_detection,easy,direct,True,False,Thursday-WorkingHours-Morning-WebAttacks.pcap_ISCX.csv,candidate_unreviewed,,
trustsecai-gold-v1-00566,evx-web_attack___sql_injection-1447836,1447836,Web Attack - Sql Injection,ATTACK,0.9988886713981628,high,executive_summary,medium,direct,True,False,Thursday-WorkingHours-Morning-WebAttacks.pcap_ISCX.csv,candidate_unreviewed,,
trustsecai-gold-v1-00567,evx-web_attack___sql_injection-1447836,1447836,Web Attack - Sql Injection,ATTACK,0.9988886713981628,high,vulnerability_context,hard,direct,True,False,Thursday-WorkingHours-Morning-WebAttacks.pcap_ISCX.csv,candidate_unreviewed,,
trustsecai-gold-v1-00568,evx-web_attack___sql_injection-1448140,1448140,Web Attack - Sql Injection,ATTACK,0.9999558925628662,high,multi_turn_analyst_interaction,expert,direct,True,False,Thursday-WorkingHours-Morning-WebAttacks.pcap_ISCX.csv,candidate_unreviewed,,
trustsecai-gold-v1-00569,evx-web_attack___sql_injection-1448140,1448140,Web Attack - Sql Injection,ATTACK,0.9999558925628662,high,vulnerability_context,easy,direct,True,False,Thursday-WorkingHours-Morning-WebAttacks.pcap_ISCX.csv,candidate_unreviewed,,
trustsecai-gold-v1-00570,evx-web_attack___sql_injection-1448140,1448140,Web Attack - Sql Injection,ATTACK,0.9999558925628662,high,uncertainty_evidence_gap,medium,direct,True,False,Thursday-WorkingHours-Morning-WebAttacks.pcap_ISCX.csv,candidate_unreviewed,,
trustsecai-gold-v1-00571,evx-web_attack___sql_injection-1448140,1448140,Web Attack - Sql Injection,ATTACK,0.9999558925628662,high,threat_hunting_followup,hard,direct,True,False,Thursday-WorkingHours-Morning-WebAttacks.pcap_ISCX.csv,candidate_unreviewed,,
trustsecai-gold-v1-00572,evx-web_attack___sql_injection-1448140,1448140,Web Attack - Sql Injection,ATTACK,0.9999558925628662,high,attack_mapping,expert,direct,True,False,Thursday-WorkingHours-Morning-WebAttacks.pcap_ISCX.csv,candidate_unreviewed,,
trustsecai-gold-v1-00573,evx-web_attack___sql_injection-1448140,1448140,Web Attack - Sql Injection,ATTACK,0.9999558925628662,high,executive_summary,easy,direct,True,False,Thursday-WorkingHours-Morning-WebAttacks.pcap_ISCX.csv,candidate_unreviewed,,
trustsecai-gold-v1-00574,evx-web_attack___sql_injection-1448140,1448140,Web Attack - Sql Injection,ATTACK,0.9999558925628662,high,soc_incident_assessment,medium,direct,True,False,Thursday-WorkingHours-Morning-WebAttacks.pcap_ISCX.csv,candidate_unreviewed,,
trustsecai-gold-v1-00575,evx-web_attack___sql_injection-1448270,1448270,Web Attack - Sql Injection,ATTACK,0.9832102060317993,high,mitigation_detection,hard,direct,True,False,Thursday-WorkingHours-Morning-WebAttacks.pcap_ISCX.csv,candidate_unreviewed,,
trustsecai-gold-v1-00576,evx-web_attack___sql_injection-1448270,1448270,Web Attack - Sql Injection,ATTACK,0.9832102060317993,high,soc_incident_assessment,expert,direct,True,False,Thursday-WorkingHours-Morning-WebAttacks.pcap_ISCX.csv,candidate_unreviewed,,
trustsecai-gold-v1-00577,evx-web_attack___sql_injection-1448270,1448270,Web Attack - Sql Injection,ATTACK,0.9832102060317993,high,uncertainty_evidence_gap,easy,direct,True,False,Thursday-WorkingHours-Morning-WebAttacks.pcap_ISCX.csv,candidate_unreviewed,,
trustsecai-gold-v1-00578,evx-web_attack___sql_injection-1448270,1448270,Web Attack - Sql Injection,ATTACK,0.9832102060317993,high,vulnerability_context,medium,direct,True,False,Thursday-WorkingHours-Morning-WebAttacks.pcap_ISCX.csv,candidate_unreviewed,,
trustsecai-gold-v1-00579,evx-web_attack___sql_injection-1448270,1448270,Web Attack - Sql Injection,ATTACK,0.9832102060317993,high,soc_incident_assessment,hard,direct,True,False,Thursday-WorkingHours-Morning-WebAttacks.pcap_ISCX.csv,candidate_unreviewed,,
trustsecai-gold-v1-00580,evx-web_attack___sql_injection-1448270,1448270,Web Attack - Sql Injection,ATTACK,0.9832102060317993,high,attack_mapping,expert,direct,True,False,Thursday-WorkingHours-Morning-WebAttacks.pcap_ISCX.csv,candidate_unreviewed,,
trustsecai-gold-v1-00581,evx-web_attack___sql_injection-1448270,1448270,Web Attack - Sql Injection,ATTACK,0.9832102060317993,high,multi_turn_analyst_interaction,easy,direct,True,False,Thursday-WorkingHours-Morning-WebAttacks.pcap_ISCX.csv,candidate_unreviewed,,
trustsecai-gold-v1-00582,evx-web_attack___sql_injection-1448540,1448540,Web Attack - Sql Injection,ATTACK,0.994055986404419,high,executive_summary,medium,direct,True,False,Thursday-WorkingHours-Morning-WebAttacks.pcap_ISCX.csv,candidate_unreviewed,,
trustsecai-gold-v1-00583,evx-web_attack___sql_injection-1448540,1448540,Web Attack - Sql Injection,ATTACK,0.994055986404419,high,soc_incident_assessment,hard,direct,True,False,Thursday-WorkingHours-Morning-WebAttacks.pcap_ISCX.csv,candidate_unreviewed,,
trustsecai-gold-v1-00584,evx-web_attack___sql_injection-1448540,1448540,Web Attack - Sql Injection,ATTACK,0.994055986404419,high,uncertainty_evidence_gap,expert,direct,True,False,Thursday-WorkingHours-Morning-WebAttacks.pcap_ISCX.csv,candidate_unreviewed,,
trustsecai-gold-v1-00585,evx-web_attack___sql_injection-1448540,1448540,Web Attack - Sql Injection,ATTACK,0.994055986404419,high,multi_turn_analyst_interaction,easy,direct,True,False,Thursday-WorkingHours-Morning-WebAttacks.pcap_ISCX.csv,candidate_unreviewed,,
trustsecai-gold-v1-00586,evx-web_attack___sql_injection-1448540,1448540,Web Attack - Sql Injection,ATTACK,0.994055986404419,high,threat_hunting_followup,medium,direct,True,False,Thursday-WorkingHours-Morning-WebAttacks.pcap_ISCX.csv,candidate_unreviewed,,
trustsecai-gold-v1-00587,evx-web_attack___sql_injection-1448540,1448540,Web Attack - Sql Injection,ATTACK,0.994055986404419,high,attack_mapping,hard,direct,True,False,Thursday-WorkingHours-Morning-WebAttacks.pcap_ISCX.csv,candidate_unreviewed,,
trustsecai-gold-v1-00588,evx-web_attack___sql_injection-1448540,1448540,Web Attack - Sql Injection,ATTACK,0.994055986404419,high,mitigation_detection,expert,direct,True,False,Thursday-WorkingHours-Morning-WebAttacks.pcap_ISCX.csv,candidate_unreviewed,,
trustsecai-gold-v1-00589,evx-web_attack___sql_injection-1448584,1448584,Web Attack - Sql Injection,ATTACK,0.9991381168365479,high,soc_incident_assessment,easy,direct,True,False,Thursday-WorkingHours-Morning-WebAttacks.pcap_ISCX.csv,candidate_unreviewed,,
trustsecai-gold-v1-00590,evx-web_attack___sql_injection-1448584,1448584,Web Attack - Sql Injection,ATTACK,0.9991381168365479,high,attack_mapping,medium,direct,True,False,Thursday-WorkingHours-Morning-WebAttacks.pcap_ISCX.csv,candidate_unreviewed,,
trustsecai-gold-v1-00591,evx-web_attack___sql_injection-1448584,1448584,Web Attack - Sql Injection,ATTACK,0.9991381168365479,high,soc_incident_assessment,hard,direct,True,False,Thursday-WorkingHours-Morning-WebAttacks.pcap_ISCX.csv,candidate_unreviewed,,
trustsecai-gold-v1-00592,evx-web_attack___sql_injection-1448584,1448584,Web Attack - Sql Injection,ATTACK,0.9991381168365479,high,executive_summary,expert,direct,True,False,Thursday-WorkingHours-Morning-WebAttacks.pcap_ISCX.csv,candidate_unreviewed,,
trustsecai-gold-v1-00593,evx-web_attack___sql_injection-1448584,1448584,Web Attack - Sql Injection,ATTACK,0.9991381168365479,high,mitigation_detection,easy,direct,True,False,Thursday-WorkingHours-Morning-WebAttacks.pcap_ISCX.csv,candidate_unreviewed,,
trustsecai-gold-v1-00594,evx-web_attack___sql_injection-1448584,1448584,Web Attack - Sql Injection,ATTACK,0.9991381168365479,high,vulnerability_context,medium,direct,True,False,Thursday-WorkingHours-Morning-WebAttacks.pcap_ISCX.csv,candidate_unreviewed,,
trustsecai-gold-v1-00623,evx-web_attack___sql_injection-1449437,1449437,Web Attack - Sql Injection,ATTACK,0.9974913597106934,high,multi_turn_analyst_interaction,hard,direct,True,False,Thursday-WorkingHours-Morning-WebAttacks.pcap_ISCX.csv,candidate_unreviewed,,
trustsecai-gold-v1-00596,evx-web_attack___sql_injection-1448619,1448619,Web Attack - Sql Injection,ATTACK,0.6548116207122803,medium,uncertainty_evidence_gap,expert,direct,True,False,Thursday-WorkingHours-Morning-WebAttacks.pcap_ISCX.csv,candidate_unreviewed,,
trustsecai-gold-v1-00601,evx-web_attack___sql_injection-1448619,1448619,Web Attack - Sql Injection,ATTACK,0.6548116207122803,medium,soc_incident_assessment,easy,direct,True,False,Thursday-WorkingHours-Morning-WebAttacks.pcap_ISCX.csv,candidate_unreviewed,,
trustsecai-gold-v1-00598,evx-web_attack___sql_injection-1448619,1448619,Web Attack - Sql Injection,ATTACK,0.6548116207122803,medium,multi_turn_analyst_interaction,medium,direct,True,False,Thursday-WorkingHours-Morning-WebAttacks.pcap_ISCX.csv,candidate_unreviewed,,
trustsecai-gold-v1-00599,evx-web_attack___sql_injection-1448619,1448619,Web Attack - Sql Injection,ATTACK,0.6548116207122803,medium,vulnerability_context,hard,direct,True,False,Thursday-WorkingHours-Morning-WebAttacks.pcap_ISCX.csv,candidate_unreviewed,,
trustsecai-gold-v1-00600,evx-web_attack___sql_injection-1448619,1448619,Web Attack - Sql Injection,ATTACK,0.6548116207122803,medium,attack_mapping,expert,direct,True,False,Thursday-WorkingHours-Morning-WebAttacks.pcap_ISCX.csv,candidate_unreviewed,,
trustsecai-gold-v1-00602,evx-web_attack___sql_injection-1448619,1448619,Web Attack - Sql Injection,ATTACK,0.6548116207122803,medium,threat_hunting_followup,medium,direct,True,False,Thursday-WorkingHours-Morning-WebAttacks.pcap_ISCX.csv,candidate_unreviewed,,
trustsecai-gold-v1-00603,evx-web_attack___sql_injection-1448660,1448660,Web Attack - Sql Injection,ATTACK,0.9985442161560059,high,uncertainty_evidence_gap,hard,direct,True,False,Thursday-WorkingHours-Morning-WebAttacks.pcap_ISCX.csv,candidate_unreviewed,,
trustsecai-gold-v1-00604,evx-web_attack___sql_injection-1448660,1448660,Web Attack - Sql Injection,ATTACK,0.9985442161560059,high,multi_turn_analyst_interaction,expert,direct,True,False,Thursday-WorkingHours-Morning-WebAttacks.pcap_ISCX.csv,candidate_unreviewed,,
trustsecai-gold-v1-00605,evx-web_attack___sql_injection-1448660,1448660,Web Attack - Sql Injection,ATTACK,0.9985442161560059,high,vulnerability_context,easy,direct,True,False,Thursday-WorkingHours-Morning-WebAttacks.pcap_ISCX.csv,candidate_unreviewed,,
trustsecai-gold-v1-00606,evx-web_attack___sql_injection-1448660,1448660,Web Attack - Sql Injection,ATTACK,0.9985442161560059,high,soc_incident_assessment,medium,direct,True,False,Thursday-WorkingHours-Morning-WebAttacks.pcap_ISCX.csv,candidate_unreviewed,,
trustsecai-gold-v1-00607,evx-web_attack___sql_injection-1448660,1448660,Web Attack - Sql Injection,ATTACK,0.9985442161560059,high,attack_mapping,hard,direct,True,False,Thursday-WorkingHours-Morning-WebAttacks.pcap_ISCX.csv,candidate_unreviewed,,
trustsecai-gold-v1-00608,evx-web_attack___sql_injection-1448660,1448660,Web Attack - Sql Injection,ATTACK,0.9985442161560059,high,mitigation_detection,expert,direct,True,False,Thursday-WorkingHours-Morning-WebAttacks.pcap_ISCX.csv,candidate_unreviewed,,
trustsecai-gold-v1-00609,evx-web_attack___sql_injection-1448660,1448660,Web Attack - Sql Injection,ATTACK,0.9985442161560059,high,soc_incident_assessment,easy,direct,True,False,Thursday-WorkingHours-Morning-WebAttacks.pcap_ISCX.csv,candidate_unreviewed,,
trustsecai-gold-v1-00611,evx-web_attack___sql_injection-1449396,1449396,Web Attack - Sql Injection,ATTACK,0.9882329106330872,high,soc_incident_assessment,hard,direct,True,False,Thursday-WorkingHours-Morning-WebAttacks.pcap_ISCX.csv,candidate_unreviewed,,
trustsecai-gold-v1-00613,evx-web_attack___sql_injection-1449396,1449396,Web Attack - Sql Injection,ATTACK,0.9882329106330872,high,multi_turn_analyst_interaction,easy,direct,True,False,Thursday-WorkingHours-Morning-WebAttacks.pcap_ISCX.csv,candidate_unreviewed,,
trustsecai-gold-v1-00616,evx-web_attack___sql_injection-1449396,1449396,Web Attack - Sql Injection,ATTACK,0.9882329106330872,high,attack_mapping,expert,direct,True,False,Thursday-WorkingHours-Morning-WebAttacks.pcap_ISCX.csv,candidate_unreviewed,,
trustsecai-gold-v1-00617,evx-web_attack___sql_injection-1449437,1449437,Web Attack - Sql Injection,ATTACK,0.9974913597106934,high,executive_summary,easy,direct,True,False,Thursday-WorkingHours-Morning-WebAttacks.pcap_ISCX.csv,candidate_unreviewed,,
trustsecai-gold-v1-00618,evx-web_attack___sql_injection-1449437,1449437,Web Attack - Sql Injection,ATTACK,0.9974913597106934,high,threat_hunting_followup,medium,direct,True,False,Thursday-WorkingHours-Morning-WebAttacks.pcap_ISCX.csv,candidate_unreviewed,,
trustsecai-gold-v1-00619,evx-web_attack___sql_injection-1449437,1449437,Web Attack - Sql Injection,ATTACK,0.9974913597106934,high,attack_mapping,hard,direct,True,False,Thursday-WorkingHours-Morning-WebAttacks.pcap_ISCX.csv,candidate_unreviewed,,
trustsecai-gold-v1-00620,evx-web_attack___sql_injection-1449437,1449437,Web Attack - Sql Injection,ATTACK,0.9974913597106934,high,uncertainty_evidence_gap,expert,direct,True,False,Thursday-WorkingHours-Morning-WebAttacks.pcap_ISCX.csv,candidate_unreviewed,,
trustsecai-gold-v1-00621,evx-web_attack___sql_injection-1449437,1449437,Web Attack - Sql Injection,ATTACK,0.9974913597106934,high,vulnerability_context,easy,direct,True,False,Thursday-WorkingHours-Morning-WebAttacks.pcap_ISCX.csv,candidate_unreviewed,,
trustsecai-gold-v1-00622,evx-web_attack___sql_injection-1449437,1449437,Web Attack - Sql Injection,ATTACK,0.9974913597106934,high,soc_incident_assessment,medium,direct,True,False,Thursday-WorkingHours-Morning-WebAttacks.pcap_ISCX.csv,candidate_unreviewed,,
trustsecai-gold-v1-00624,evx-web_attack___sql_injection-1449455,1449455,Web Attack - Sql Injection,ATTACK,0.9786247611045837,high,threat_hunting_followup,expert,direct,True,False,Thursday-WorkingHours-Morning-WebAttacks.pcap_ISCX.csv,candidate_unreviewed,,
trustsecai-gold-v1-00625,evx-web_attack___sql_injection-1449455,1449455,Web Attack - Sql Injection,ATTACK,0.9786247611045837,high,soc_incident_assessment,easy,direct,True,False,Thursday-WorkingHours-Morning-WebAttacks.pcap_ISCX.csv,candidate_unreviewed,,
trustsecai-gold-v1-00626,evx-web_attack___sql_injection-1449455,1449455,Web Attack - Sql Injection,ATTACK,0.9786247611045837,high,uncertainty_evidence_gap,medium,direct,True,False,Thursday-WorkingHours-Morning-WebAttacks.pcap_ISCX.csv,candidate_unreviewed,,
trustsecai-gold-v1-00627,evx-web_attack___sql_injection-1449455,1449455,Web Attack - Sql Injection,ATTACK,0.9786247611045837,high,attack_mapping,hard,direct,True,False,Thursday-WorkingHours-Morning-WebAttacks.pcap_ISCX.csv,candidate_unreviewed,,
trustsecai-gold-v1-00628,evx-web_attack___sql_injection-1449455,1449455,Web Attack - Sql Injection,ATTACK,0.9786247611045837,high,executive_summary,expert,direct,True,False,Thursday-WorkingHours-Morning-WebAttacks.pcap_ISCX.csv,candidate_unreviewed,,
trustsecai-gold-v1-00630,evx-web_attack___sql_injection-1449455,1449455,Web Attack - Sql Injection,ATTACK,0.9786247611045837,high,mitigation_detection,medium,direct,True,False,Thursday-WorkingHours-Morning-WebAttacks.pcap_ISCX.csv,candidate_unreviewed,,
trustsecai-gold-v1-00631,evx-web_attack___sql_injection-1449559,1449559,Web Attack - Sql Injection,ATTACK,0.9642011523246765,high,soc_incident_assessment,hard,direct,True,False,Thursday-WorkingHours-Morning-WebAttacks.pcap_ISCX.csv,candidate_unreviewed,,
trustsecai-gold-v1-00652,evx-web_attack___sql_injection-1450159,1450159,Web Attack - Sql Injection,ATTACK,0.9987888932228088,high,soc_incident_assessment,expert,direct,True,False,Thursday-WorkingHours-Morning-WebAttacks.pcap_ISCX.csv,candidate_unreviewed,,
trustsecai-gold-v1-00653,evx-web_attack___sql_injection-1450159,1450159,Web Attack - Sql Injection,ATTACK,0.9987888932228088,high,threat_hunting_followup,easy,direct,True,False,Thursday-WorkingHours-Morning-WebAttacks.pcap_ISCX.csv,candidate_unreviewed,,
trustsecai-gold-v1-00634,evx-web_attack___sql_injection-1449559,1449559,Web Attack - Sql Injection,ATTACK,0.9642011523246765,high,multi_turn_analyst_interaction,medium,direct,True,False,Thursday-WorkingHours-Morning-WebAttacks.pcap_ISCX.csv,candidate_unreviewed,,
trustsecai-gold-v1-00636,evx-web_attack___sql_injection-1449559,1449559,Web Attack - Sql Injection,ATTACK,0.9642011523246765,high,vulnerability_context,expert,direct,True,False,Thursday-WorkingHours-Morning-WebAttacks.pcap_ISCX.csv,candidate_unreviewed,,
trustsecai-gold-v1-00637,evx-web_attack___sql_injection-1449559,1449559,Web Attack - Sql Injection,ATTACK,0.9642011523246765,high,executive_summary,easy,direct,True,False,Thursday-WorkingHours-Morning-WebAttacks.pcap_ISCX.csv,candidate_unreviewed,,
trustsecai-gold-v1-00638,evx-web_attack___sql_injection-1449836,1449836,Web Attack - Sql Injection,ATTACK,0.9862555265426636,high,soc_incident_assessment,medium,direct,True,False,Thursday-WorkingHours-Morning-WebAttacks.pcap_ISCX.csv,candidate_unreviewed,,
trustsecai-gold-v1-00639,evx-web_attack___sql_injection-1449836,1449836,Web Attack - Sql Injection,ATTACK,0.9862555265426636,high,uncertainty_evidence_gap,hard,direct,True,False,Thursday-WorkingHours-Morning-WebAttacks.pcap_ISCX.csv,candidate_unreviewed,,
trustsecai-gold-v1-00641,evx-web_attack___sql_injection-1449836,1449836,Web Attack - Sql Injection,ATTACK,0.9862555265426636,high,multi_turn_analyst_interaction,easy,direct,True,False,Thursday-WorkingHours-Morning-WebAttacks.pcap_ISCX.csv,candidate_unreviewed,,
trustsecai-gold-v1-00643,evx-web_attack___sql_injection-1449836,1449836,Web Attack - Sql Injection,ATTACK,0.9862555265426636,high,vulnerability_context,hard,direct,True,False,Thursday-WorkingHours-Morning-WebAttacks.pcap_ISCX.csv,candidate_unreviewed,,
trustsecai-gold-v1-00656,evx-web_attack___sql_injection-1450159,1450159,Web Attack - Sql Injection,ATTACK,0.9987888932228088,high,attack_mapping,expert,direct,True,False,Thursday-WorkingHours-Morning-WebAttacks.pcap_ISCX.csv,candidate_unreviewed,,
trustsecai-gold-v1-00646,evx-web_attack___sql_injection-1449915,1449915,Web Attack - Sql Injection,ATTACK,0.9943351149559021,high,multi_turn_analyst_interaction,medium,direct,True,False,Thursday-WorkingHours-Morning-WebAttacks.pcap_ISCX.csv,candidate_unreviewed,,
trustsecai-gold-v1-00648,evx-web_attack___sql_injection-1449915,1449915,Web Attack - Sql Injection,ATTACK,0.9943351149559021,high,soc_incident_assessment,expert,direct,True,False,Thursday-WorkingHours-Morning-WebAttacks.pcap_ISCX.csv,candidate_unreviewed,,
trustsecai-gold-v1-00650,evx-web_attack___sql_injection-1449915,1449915,Web Attack - Sql Injection,ATTACK,0.9943351149559021,high,vulnerability_context,medium,direct,True,False,Thursday-WorkingHours-Morning-WebAttacks.pcap_ISCX.csv,candidate_unreviewed,,
trustsecai-gold-v1-00651,evx-web_attack___sql_injection-1449915,1449915,Web Attack - Sql Injection,ATTACK,0.9943351149559021,high,executive_summary,hard,direct,True,False,Thursday-WorkingHours-Morning-WebAttacks.pcap_ISCX.csv,candidate_unreviewed,,
trustsecai-gold-v1-00657,evx-web_attack___sql_injection-1450159,1450159,Web Attack - Sql Injection,ATTACK,0.9987888932228088,high,vulnerability_context,easy,direct,True,False,Thursday-WorkingHours-Morning-WebAttacks.pcap_ISCX.csv,candidate_unreviewed,,
trustsecai-gold-v1-00658,evx-web_attack___sql_injection-1450159,1450159,Web Attack - Sql Injection,ATTACK,0.9987888932228088,high,executive_summary,medium,direct,True,False,Thursday-WorkingHours-Morning-WebAttacks.pcap_ISCX.csv,candidate_unreviewed,,
trustsecai-gold-v1-00659,evx-web_attack___sql_injection-1450168,1450168,Web Attack - Sql Injection,ATTACK,0.921262264251709,high,executive_summary,hard,direct,True,False,Thursday-WorkingHours-Morning-WebAttacks.pcap_ISCX.csv,candidate_unreviewed,,
trustsecai-gold-v1-00660,evx-web_attack___sql_injection-1450168,1450168,Web Attack - Sql Injection,ATTACK,0.921262264251709,high,vulnerability_context,expert,direct,True,False,Thursday-WorkingHours-Morning-WebAttacks.pcap_ISCX.csv,candidate_unreviewed,,
trustsecai-gold-v1-00661,evx-web_attack___sql_injection-1450168,1450168,Web Attack - Sql Injection,ATTACK,0.921262264251709,high,multi_turn_analyst_interaction,easy,direct,True,False,Thursday-WorkingHours-Morning-WebAttacks.pcap_ISCX.csv,candidate_unreviewed,,
trustsecai-gold-v1-00662,evx-web_attack___sql_injection-1450168,1450168,Web Attack - Sql Injection,ATTACK,0.921262264251709,high,soc_incident_assessment,medium,direct,True,False,Thursday-WorkingHours-Morning-WebAttacks.pcap_ISCX.csv,candidate_unreviewed,,
trustsecai-gold-v1-00663,evx-web_attack___sql_injection-1450168,1450168,Web Attack - Sql Injection,ATTACK,0.921262264251709,high,threat_hunting_followup,hard,direct,True,False,Thursday-WorkingHours-Morning-WebAttacks.pcap_ISCX.csv,candidate_unreviewed,,
trustsecai-gold-v1-00664,evx-web_attack___sql_injection-1450168,1450168,Web Attack - Sql Injection,ATTACK,0.921262264251709,high,soc_incident_assessment,expert,direct,True,False,Thursday-WorkingHours-Morning-WebAttacks.pcap_ISCX.csv,candidate_unreviewed,,
trustsecai-gold-v1-00665,evx-web_attack___sql_injection-1450168,1450168,Web Attack - Sql Injection,ATTACK,0.921262264251709,high,attack_mapping,easy,direct,True,False,Thursday-WorkingHours-Morning-WebAttacks.pcap_ISCX.csv,candidate_unreviewed,,
trustsecai-gold-v1-00669,evx-web_attack___sql_injection-1450208,1450208,Web Attack - Sql Injection,ATTACK,0.9976116418838501,high,soc_incident_assessment,easy,direct,True,False,Thursday-WorkingHours-Morning-WebAttacks.pcap_ISCX.csv,candidate_unreviewed,,
trustsecai-gold-v1-00670,evx-web_attack___sql_injection-1450208,1450208,Web Attack - Sql Injection,ATTACK,0.9976116418838501,high,attack_mapping,medium,direct,True,False,Thursday-WorkingHours-Morning-WebAttacks.pcap_ISCX.csv,candidate_unreviewed,,
trustsecai-gold-v1-00671,evx-web_attack___sql_injection-1450208,1450208,Web Attack - Sql Injection,ATTACK,0.9976116418838501,high,multi_turn_analyst_interaction,hard,direct,True,False,Thursday-WorkingHours-Morning-WebAttacks.pcap_ISCX.csv,candidate_unreviewed,,
trustsecai-gold-v1-00673,evx-ftp_patator-1531930,1531930,FTP-Patator,ATTACK,0.9999914169311523,high,vulnerability_context,easy,mixed_direct_and_inferred,True,True,Tuesday-WorkingHours.pcap_ISCX.csv,candidate_unreviewed,,
trustsecai-gold-v1-00674,evx-ftp_patator-1531930,1531930,FTP-Patator,ATTACK,0.9999914169311523,high,executive_summary,medium,mixed_direct_and_inferred,True,True,Tuesday-WorkingHours.pcap_ISCX.csv,candidate_unreviewed,,
trustsecai-gold-v1-00675,evx-ftp_patator-1531930,1531930,FTP-Patator,ATTACK,0.9999914169311523,high,multi_turn_analyst_interaction,hard,mixed_direct_and_inferred,True,True,Tuesday-WorkingHours.pcap_ISCX.csv,candidate_unreviewed,,
trustsecai-gold-v1-00676,evx-ftp_patator-1531930,1531930,FTP-Patator,ATTACK,0.9999914169311523,high,threat_hunting_followup,expert,mixed_direct_and_inferred,True,True,Tuesday-WorkingHours.pcap_ISCX.csv,candidate_unreviewed,,
trustsecai-gold-v1-00677,evx-ftp_patator-1531930,1531930,FTP-Patator,ATTACK,0.9999914169311523,high,mitigation_detection,easy,mixed_direct_and_inferred,True,True,Tuesday-WorkingHours.pcap_ISCX.csv,candidate_unreviewed,,
trustsecai-gold-v1-00678,evx-ftp_patator-1531930,1531930,FTP-Patator,ATTACK,0.9999914169311523,high,attack_mapping,medium,mixed_direct_and_inferred,True,True,Tuesday-WorkingHours.pcap_ISCX.csv,candidate_unreviewed,,
trustsecai-gold-v1-00679,evx-ftp_patator-1531930,1531930,FTP-Patator,ATTACK,0.9999914169311523,high,uncertainty_evidence_gap,hard,mixed_direct_and_inferred,True,True,Tuesday-WorkingHours.pcap_ISCX.csv,candidate_unreviewed,,
trustsecai-gold-v1-00680,evx-ftp_patator-1535480,1535480,FTP-Patator,ATTACK,0.9999862909317017,high,executive_summary,expert,mixed_direct_and_inferred,True,True,Tuesday-WorkingHours.pcap_ISCX.csv,candidate_unreviewed,,
trustsecai-gold-v1-00681,evx-ftp_patator-1535480,1535480,FTP-Patator,ATTACK,0.9999862909317017,high,threat_hunting_followup,easy,mixed_direct_and_inferred,True,True,Tuesday-WorkingHours.pcap_ISCX.csv,candidate_unreviewed,,
trustsecai-gold-v1-00694,evx-ftp_patator-1541148,1541148,FTP-Patator,ATTACK,0.9999902248382568,high,soc_incident_assessment,medium,mixed_direct_and_inferred,True,True,Tuesday-WorkingHours.pcap_ISCX.csv,candidate_unreviewed,,
trustsecai-gold-v1-00683,evx-ftp_patator-1535480,1535480,FTP-Patator,ATTACK,0.9999862909317017,high,uncertainty_evidence_gap,hard,mixed_direct_and_inferred,True,True,Tuesday-WorkingHours.pcap_ISCX.csv,candidate_unreviewed,,
trustsecai-gold-v1-00684,evx-ftp_patator-1535480,1535480,FTP-Patator,ATTACK,0.9999862909317017,high,vulnerability_context,expert,mixed_direct_and_inferred,True,True,Tuesday-WorkingHours.pcap_ISCX.csv,candidate_unreviewed,,
trustsecai-gold-v1-00705,evx-ftp_patator-1541323,1541323,FTP-Patator,ATTACK,0.9999768733978271,high,mitigation_detection,easy,mixed_direct_and_inferred,True,True,Tuesday-WorkingHours.pcap_ISCX.csv,candidate_unreviewed,,
trustsecai-gold-v1-00686,evx-ftp_patator-1535480,1535480,FTP-Patator,ATTACK,0.9999862909317017,high,multi_turn_analyst_interaction,medium,mixed_direct_and_inferred,True,True,Tuesday-WorkingHours.pcap_ISCX.csv,candidate_unreviewed,,
trustsecai-gold-v1-00687,evx-ftp_patator-1537648,1537648,FTP-Patator,ATTACK,0.9999886751174927,high,executive_summary,hard,mixed_direct_and_inferred,True,True,Tuesday-WorkingHours.pcap_ISCX.csv,candidate_unreviewed,,
trustsecai-gold-v1-00816,evx-ftp_patator-1569520,1569520,FTP-Patator,ATTACK,0.9999865293502808,high,mitigation_detection,expert,mixed_direct_and_inferred,True,True,Tuesday-WorkingHours.pcap_ISCX.csv,candidate_unreviewed,,
trustsecai-gold-v1-00721,evx-ftp_patator-1542760,1542760,FTP-Patator,ATTACK,0.9999877214431763,high,vulnerability_context,easy,mixed_direct_and_inferred,True,True,Tuesday-WorkingHours.pcap_ISCX.csv,candidate_unreviewed,,
trustsecai-gold-v1-00690,evx-ftp_patator-1537648,1537648,FTP-Patator,ATTACK,0.9999886751174927,high,attack_mapping,medium,mixed_direct_and_inferred,True,True,Tuesday-WorkingHours.pcap_ISCX.csv,candidate_unreviewed,,
trustsecai-gold-v1-00691,evx-ftp_patator-1537648,1537648,FTP-Patator,ATTACK,0.9999886751174927,high,uncertainty_evidence_gap,hard,mixed_direct_and_inferred,True,True,Tuesday-WorkingHours.pcap_ISCX.csv,candidate_unreviewed,,
trustsecai-gold-v1-00752,evx-ftp_patator-1554773,1554773,FTP-Patator,ATTACK,0.9999889135360718,high,threat_hunting_followup,expert,mixed_direct_and_inferred,True,True,Tuesday-WorkingHours.pcap_ISCX.csv,candidate_unreviewed,,
trustsecai-gold-v1-00693,evx-ftp_patator-1537648,1537648,FTP-Patator,ATTACK,0.9999886751174927,high,multi_turn_analyst_interaction,easy,mixed_direct_and_inferred,True,True,Tuesday-WorkingHours.pcap_ISCX.csv,candidate_unreviewed,,
trustsecai-gold-v1-00695,evx-ftp_patator-1541148,1541148,FTP-Patator,ATTACK,0.9999902248382568,high,mitigation_detection,hard,mixed_direct_and_inferred,True,True,Tuesday-WorkingHours.pcap_ISCX.csv,candidate_unreviewed,,
trustsecai-gold-v1-00712,evx-ftp_patator-1542606,1542606,FTP-Patator,ATTACK,0.9999916553497314,high,attack_mapping,expert,mixed_direct_and_inferred,True,True,Tuesday-WorkingHours.pcap_ISCX.csv,candidate_unreviewed,,
trustsecai-gold-v1-00697,evx-ftp_patator-1541148,1541148,FTP-Patator,ATTACK,0.9999902248382568,high,multi_turn_analyst_interaction,easy,mixed_direct_and_inferred,True,True,Tuesday-WorkingHours.pcap_ISCX.csv,candidate_unreviewed,,
trustsecai-gold-v1-00726,evx-ftp_patator-1546250,1546250,FTP-Patator,ATTACK,0.999992847442627,high,executive_summary,medium,mixed_direct_and_inferred,True,True,Tuesday-WorkingHours.pcap_ISCX.csv,candidate_unreviewed,,
trustsecai-gold-v1-00763,evx-ftp_patator-1554877,1554877,FTP-Patator,ATTACK,0.9999916553497314,high,vulnerability_context,hard,mixed_direct_and_inferred,True,True,Tuesday-WorkingHours.pcap_ISCX.csv,candidate_unreviewed,,
trustsecai-gold-v1-00700,evx-ftp_patator-1541148,1541148,FTP-Patator,ATTACK,0.9999902248382568,high,uncertainty_evidence_gap,expert,mixed_direct_and_inferred,True,True,Tuesday-WorkingHours.pcap_ISCX.csv,candidate_unreviewed,,
trustsecai-gold-v1-00701,evx-ftp_patator-1541323,1541323,FTP-Patator,ATTACK,0.9999768733978271,high,soc_incident_assessment,easy,mixed_direct_and_inferred,True,True,Tuesday-WorkingHours.pcap_ISCX.csv,candidate_unreviewed,,
trustsecai-gold-v1-00831,evx-ftp_patator-1576694,1576694,FTP-Patator,ATTACK,0.999984622001648,high,executive_summary,hard,mixed_direct_and_inferred,True,True,Tuesday-WorkingHours.pcap_ISCX.csv,candidate_unreviewed,,
trustsecai-gold-v1-00704,evx-ftp_patator-1541323,1541323,FTP-Patator,ATTACK,0.9999768733978271,high,threat_hunting_followup,expert,mixed_direct_and_inferred,True,True,Tuesday-WorkingHours.pcap_ISCX.csv,candidate_unreviewed,,
trustsecai-gold-v1-00706,evx-ftp_patator-1541323,1541323,FTP-Patator,ATTACK,0.9999768733978271,high,uncertainty_evidence_gap,medium,mixed_direct_and_inferred,True,True,Tuesday-WorkingHours.pcap_ISCX.csv,candidate_unreviewed,,
trustsecai-gold-v1-00723,evx-ftp_patator-1546250,1546250,FTP-Patator,ATTACK,0.999992847442627,high,multi_turn_analyst_interaction,hard,mixed_direct_and_inferred,True,True,Tuesday-WorkingHours.pcap_ISCX.csv,candidate_unreviewed,,
trustsecai-gold-v1-00709,evx-ftp_patator-1542606,1542606,FTP-Patator,ATTACK,0.9999916553497314,high,uncertainty_evidence_gap,easy,mixed_direct_and_inferred,True,True,Tuesday-WorkingHours.pcap_ISCX.csv,candidate_unreviewed,,
trustsecai-gold-v1-00710,evx-ftp_patator-1542606,1542606,FTP-Patator,ATTACK,0.9999916553497314,high,vulnerability_context,medium,mixed_direct_and_inferred,True,True,Tuesday-WorkingHours.pcap_ISCX.csv,candidate_unreviewed,,
trustsecai-gold-v1-00711,evx-ftp_patator-1542606,1542606,FTP-Patator,ATTACK,0.9999916553497314,high,soc_incident_assessment,hard,mixed_direct_and_inferred,True,True,Tuesday-WorkingHours.pcap_ISCX.csv,candidate_unreviewed,,
trustsecai-gold-v1-00718,evx-ftp_patator-1542760,1542760,FTP-Patator,ATTACK,0.9999877214431763,high,uncertainty_evidence_gap,medium,mixed_direct_and_inferred,True,True,Tuesday-WorkingHours.pcap_ISCX.csv,candidate_unreviewed,,
trustsecai-gold-v1-00811,evx-ftp_patator-1562929,1562929,FTP-Patator,ATTACK,0.9999809265136719,high,mitigation_detection,hard,mixed_direct_and_inferred,True,True,Tuesday-WorkingHours.pcap_ISCX.csv,candidate_unreviewed,,
trustsecai-gold-v1-00720,evx-ftp_patator-1542760,1542760,FTP-Patator,ATTACK,0.9999877214431763,high,soc_incident_assessment,expert,mixed_direct_and_inferred,True,True,Tuesday-WorkingHours.pcap_ISCX.csv,candidate_unreviewed,,
trustsecai-gold-v1-00722,evx-ftp_patator-1546250,1546250,FTP-Patator,ATTACK,0.999992847442627,high,threat_hunting_followup,medium,mixed_direct_and_inferred,True,True,Tuesday-WorkingHours.pcap_ISCX.csv,candidate_unreviewed,,
trustsecai-gold-v1-00759,evx-ftp_patator-1554877,1554877,FTP-Patator,ATTACK,0.9999916553497314,high,attack_mapping,hard,mixed_direct_and_inferred,True,True,Tuesday-WorkingHours.pcap_ISCX.csv,candidate_unreviewed,,
trustsecai-gold-v1-00728,evx-ftp_patator-1546250,1546250,FTP-Patator,ATTACK,0.999992847442627,high,soc_incident_assessment,expert,mixed_direct_and_inferred,True,True,Tuesday-WorkingHours.pcap_ISCX.csv,candidate_unreviewed,,
trustsecai-gold-v1-00741,evx-ftp_patator-1554140,1554140,FTP-Patator,ATTACK,0.9999889135360718,high,threat_hunting_followup,easy,mixed_direct_and_inferred,True,True,Tuesday-WorkingHours.pcap_ISCX.csv,candidate_unreviewed,,
trustsecai-gold-v1-00810,evx-ftp_patator-1562929,1562929,FTP-Patator,ATTACK,0.9999809265136719,high,executive_summary,medium,mixed_direct_and_inferred,True,True,Tuesday-WorkingHours.pcap_ISCX.csv,candidate_unreviewed,,
trustsecai-gold-v1-00835,evx-ftp_patator-1577095,1577095,FTP-Patator,ATTACK,0.9999868869781494,high,attack_mapping,hard,mixed_direct_and_inferred,True,True,Tuesday-WorkingHours.pcap_ISCX.csv,candidate_unreviewed,,
trustsecai-gold-v1-00742,evx-ftp_patator-1554140,1554140,FTP-Patator,ATTACK,0.9999889135360718,high,soc_incident_assessment,medium,mixed_direct_and_inferred,True,True,Tuesday-WorkingHours.pcap_ISCX.csv,candidate_unreviewed,,
trustsecai-gold-v1-00819,evx-ftp_patator-1569520,1569520,FTP-Patator,ATTACK,0.9999865293502808,high,vulnerability_context,hard,mixed_direct_and_inferred,True,True,Tuesday-WorkingHours.pcap_ISCX.csv,candidate_unreviewed,,
trustsecai-gold-v1-00836,evx-ftp_patator-1577095,1577095,FTP-Patator,ATTACK,0.9999868869781494,high,executive_summary,expert,mixed_direct_and_inferred,True,True,Tuesday-WorkingHours.pcap_ISCX.csv,candidate_unreviewed,,
trustsecai-gold-v1-00738,evx-ftp_patator-1554140,1554140,FTP-Patator,ATTACK,0.9999889135360718,high,mitigation_detection,medium,mixed_direct_and_inferred,True,True,Tuesday-WorkingHours.pcap_ISCX.csv,candidate_unreviewed,,
trustsecai-gold-v1-00779,evx-ftp_patator-1557969,1557969,FTP-Patator,ATTACK,0.9999889135360718,high,soc_incident_assessment,hard,mixed_direct_and_inferred,True,True,Tuesday-WorkingHours.pcap_ISCX.csv,candidate_unreviewed,,
trustsecai-gold-v1-00756,evx-ftp_patator-1554773,1554773,FTP-Patator,ATTACK,0.9999889135360718,high,uncertainty_evidence_gap,expert,mixed_direct_and_inferred,True,True,Tuesday-WorkingHours.pcap_ISCX.csv,candidate_unreviewed,,
trustsecai-gold-v1-00782,evx-ftp_patator-1557969,1557969,FTP-Patator,ATTACK,0.9999889135360718,high,threat_hunting_followup,medium,mixed_direct_and_inferred,True,True,Tuesday-WorkingHours.pcap_ISCX.csv,candidate_unreviewed,,
trustsecai-gold-v1-00749,evx-ftp_patator-1554171,1554171,FTP-Patator,ATTACK,0.9999812841415405,high,mitigation_detection,easy,mixed_direct_and_inferred,True,True,Tuesday-WorkingHours.pcap_ISCX.csv,candidate_unreviewed,,
trustsecai-gold-v1-00751,evx-ftp_patator-1554773,1554773,FTP-Patator,ATTACK,0.9999889135360718,high,multi_turn_analyst_interaction,hard,mixed_direct_and_inferred,True,True,Tuesday-WorkingHours.pcap_ISCX.csv,candidate_unreviewed,,
trustsecai-gold-v1-00789,evx-ftp_patator-1558942,1558942,FTP-Patator,ATTACK,0.9999871253967285,high,attack_mapping,easy,mixed_direct_and_inferred,True,True,Tuesday-WorkingHours.pcap_ISCX.csv,candidate_unreviewed,,
trustsecai-gold-v1-00760,evx-ftp_patator-1554877,1554877,FTP-Patator,ATTACK,0.9999916553497314,high,multi_turn_analyst_interaction,expert,mixed_direct_and_inferred,True,True,Tuesday-WorkingHours.pcap_ISCX.csv,candidate_unreviewed,,
trustsecai-gold-v1-00764,evx-ftp_patator-1557083,1557083,FTP-Patator,ATTACK,0.9999884366989136,high,executive_summary,expert,mixed_direct_and_inferred,True,True,Tuesday-WorkingHours.pcap_ISCX.csv,candidate_unreviewed,,
trustsecai-gold-v1-00765,evx-ftp_patator-1557083,1557083,FTP-Patator,ATTACK,0.9999884366989136,high,soc_incident_assessment,easy,mixed_direct_and_inferred,True,True,Tuesday-WorkingHours.pcap_ISCX.csv,candidate_unreviewed,,
trustsecai-gold-v1-00766,evx-ftp_patator-1557083,1557083,FTP-Patator,ATTACK,0.9999884366989136,high,multi_turn_analyst_interaction,medium,mixed_direct_and_inferred,True,True,Tuesday-WorkingHours.pcap_ISCX.csv,candidate_unreviewed,,
trustsecai-gold-v1-00767,evx-ftp_patator-1557083,1557083,FTP-Patator,ATTACK,0.9999884366989136,high,vulnerability_context,hard,mixed_direct_and_inferred,True,True,Tuesday-WorkingHours.pcap_ISCX.csv,candidate_unreviewed,,
trustsecai-gold-v1-00768,evx-ftp_patator-1557083,1557083,FTP-Patator,ATTACK,0.9999884366989136,high,threat_hunting_followup,expert,mixed_direct_and_inferred,True,True,Tuesday-WorkingHours.pcap_ISCX.csv,candidate_unreviewed,,
trustsecai-gold-v1-00797,evx-ftp_patator-1560973,1560973,FTP-Patator,ATTACK,0.9999896287918091,high,uncertainty_evidence_gap,easy,mixed_direct_and_inferred,True,True,Tuesday-WorkingHours.pcap_ISCX.csv,candidate_unreviewed,,
trustsecai-gold-v1-00770,evx-ftp_patator-1557083,1557083,FTP-Patator,ATTACK,0.9999884366989136,high,mitigation_detection,medium,mixed_direct_and_inferred,True,True,Tuesday-WorkingHours.pcap_ISCX.csv,candidate_unreviewed,,
trustsecai-gold-v1-00771,evx-ftp_patator-1557381,1557381,FTP-Patator,ATTACK,0.9999731779098511,high,uncertainty_evidence_gap,hard,mixed_direct_and_inferred,True,True,Tuesday-WorkingHours.pcap_ISCX.csv,candidate_unreviewed,,
trustsecai-gold-v1-00772,evx-ftp_patator-1557381,1557381,FTP-Patator,ATTACK,0.9999731779098511,high,soc_incident_assessment,expert,mixed_direct_and_inferred,True,True,Tuesday-WorkingHours.pcap_ISCX.csv,candidate_unreviewed,,
trustsecai-gold-v1-00773,evx-ftp_patator-1557381,1557381,FTP-Patator,ATTACK,0.9999731779098511,high,multi_turn_analyst_interaction,easy,mixed_direct_and_inferred,True,True,Tuesday-WorkingHours.pcap_ISCX.csv,candidate_unreviewed,,
trustsecai-gold-v1-00774,evx-ftp_patator-1557381,1557381,FTP-Patator,ATTACK,0.9999731779098511,high,executive_summary,medium,mixed_direct_and_inferred,True,True,Tuesday-WorkingHours.pcap_ISCX.csv,candidate_unreviewed,,
trustsecai-gold-v1-00775,evx-ftp_patator-1557381,1557381,FTP-Patator,ATTACK,0.9999731779098511,high,threat_hunting_followup,hard,mixed_direct_and_inferred,True,True,Tuesday-WorkingHours.pcap_ISCX.csv,candidate_unreviewed,,
trustsecai-gold-v1-00776,evx-ftp_patator-1557381,1557381,FTP-Patator,ATTACK,0.9999731779098511,high,attack_mapping,expert,mixed_direct_and_inferred,True,True,Tuesday-WorkingHours.pcap_ISCX.csv,candidate_unreviewed,,
trustsecai-gold-v1-00777,evx-ftp_patator-1557381,1557381,FTP-Patator,ATTACK,0.9999731779098511,high,mitigation_detection,easy,mixed_direct_and_inferred,True,True,Tuesday-WorkingHours.pcap_ISCX.csv,candidate_unreviewed,,
trustsecai-gold-v1-00834,evx-ftp_patator-1577095,1577095,FTP-Patator,ATTACK,0.9999868869781494,high,vulnerability_context,medium,mixed_direct_and_inferred,True,True,Tuesday-WorkingHours.pcap_ISCX.csv,candidate_unreviewed,,
trustsecai-gold-v1-00792,evx-ftp_patator-1560973,1560973,FTP-Patator,ATTACK,0.9999896287918091,high,soc_incident_assessment,expert,mixed_direct_and_inferred,True,True,Tuesday-WorkingHours.pcap_ISCX.csv,candidate_unreviewed,,
trustsecai-gold-v1-00793,evx-ftp_patator-1560973,1560973,FTP-Patator,ATTACK,0.9999896287918091,high,attack_mapping,easy,mixed_direct_and_inferred,True,True,Tuesday-WorkingHours.pcap_ISCX.csv,candidate_unreviewed,,
trustsecai-gold-v1-00794,evx-ftp_patator-1560973,1560973,FTP-Patator,ATTACK,0.9999896287918091,high,vulnerability_context,medium,mixed_direct_and_inferred,True,True,Tuesday-WorkingHours.pcap_ISCX.csv,candidate_unreviewed,,
trustsecai-gold-v1-00795,evx-ftp_patator-1560973,1560973,FTP-Patator,ATTACK,0.9999896287918091,high,multi_turn_analyst_interaction,hard,mixed_direct_and_inferred,True,True,Tuesday-WorkingHours.pcap_ISCX.csv,candidate_unreviewed,,
trustsecai-gold-v1-00796,evx-ftp_patator-1560973,1560973,FTP-Patator,ATTACK,0.9999896287918091,high,mitigation_detection,expert,mixed_direct_and_inferred,True,True,Tuesday-WorkingHours.pcap_ISCX.csv,candidate_unreviewed,,
trustsecai-gold-v1-00798,evx-ftp_patator-1560973,1560973,FTP-Patator,ATTACK,0.9999896287918091,high,executive_summary,medium,mixed_direct_and_inferred,True,True,Tuesday-WorkingHours.pcap_ISCX.csv,candidate_unreviewed,,
trustsecai-gold-v1-00804,evx-ftp_patator-1561804,1561804,FTP-Patator,ATTACK,0.9999866485595703,high,mitigation_detection,expert,mixed_direct_and_inferred,True,True,Tuesday-WorkingHours.pcap_ISCX.csv,candidate_unreviewed,,
trustsecai-gold-v1-00807,evx-ftp_patator-1562929,1562929,FTP-Patator,ATTACK,0.9999809265136719,high,threat_hunting_followup,hard,mixed_direct_and_inferred,True,True,Tuesday-WorkingHours.pcap_ISCX.csv,candidate_unreviewed,,
trustsecai-gold-v1-00837,evx-ftp_patator-1577095,1577095,FTP-Patator,ATTACK,0.9999868869781494,high,soc_incident_assessment,easy,mixed_direct_and_inferred,True,True,Tuesday-WorkingHours.pcap_ISCX.csv,candidate_unreviewed,,
trustsecai-gold-v1-00812,evx-ftp_patator-1562929,1562929,FTP-Patator,ATTACK,0.9999809265136719,high,vulnerability_context,expert,mixed_direct_and_inferred,True,True,Tuesday-WorkingHours.pcap_ISCX.csv,candidate_unreviewed,,
trustsecai-gold-v1-00814,evx-ftp_patator-1569520,1569520,FTP-Patator,ATTACK,0.9999865293502808,high,multi_turn_analyst_interaction,medium,mixed_direct_and_inferred,True,True,Tuesday-WorkingHours.pcap_ISCX.csv,candidate_unreviewed,,
trustsecai-gold-v1-00820,evx-ftp_patator-1576044,1576044,FTP-Patator,ATTACK,0.9999898672103882,high,threat_hunting_followup,expert,mixed_direct_and_inferred,True,True,Tuesday-WorkingHours.pcap_ISCX.csv,candidate_unreviewed,,
trustsecai-gold-v1-00821,evx-ftp_patator-1576044,1576044,FTP-Patator,ATTACK,0.9999898672103882,high,uncertainty_evidence_gap,easy,mixed_direct_and_inferred,True,True,Tuesday-WorkingHours.pcap_ISCX.csv,candidate_unreviewed,,
trustsecai-gold-v1-00822,evx-ftp_patator-1576044,1576044,FTP-Patator,ATTACK,0.9999898672103882,high,attack_mapping,medium,mixed_direct_and_inferred,True,True,Tuesday-WorkingHours.pcap_ISCX.csv,candidate_unreviewed,,
trustsecai-gold-v1-00823,evx-ftp_patator-1576044,1576044,FTP-Patator,ATTACK,0.9999898672103882,high,mitigation_detection,hard,mixed_direct_and_inferred,True,True,Tuesday-WorkingHours.pcap_ISCX.csv,candidate_unreviewed,,
trustsecai-gold-v1-00824,evx-ftp_patator-1576044,1576044,FTP-Patator,ATTACK,0.9999898672103882,high,multi_turn_analyst_interaction,expert,mixed_direct_and_inferred,True,True,Tuesday-WorkingHours.pcap_ISCX.csv,candidate_unreviewed,,
trustsecai-gold-v1-00825,evx-ftp_patator-1576044,1576044,FTP-Patator,ATTACK,0.9999898672103882,high,vulnerability_context,easy,mixed_direct_and_inferred,True,True,Tuesday-WorkingHours.pcap_ISCX.csv,candidate_unreviewed,,
trustsecai-gold-v1-00826,evx-ftp_patator-1576044,1576044,FTP-Patator,ATTACK,0.9999898672103882,high,soc_incident_assessment,medium,mixed_direct_and_inferred,True,True,Tuesday-WorkingHours.pcap_ISCX.csv,candidate_unreviewed,,
trustsecai-gold-v1-00829,evx-ftp_patator-1576694,1576694,FTP-Patator,ATTACK,0.999984622001648,high,vulnerability_context,easy,mixed_direct_and_inferred,True,True,Tuesday-WorkingHours.pcap_ISCX.csv,candidate_unreviewed,,
trustsecai-gold-v1-00841,evx-ftp_patator-1578771,1578771,FTP-Patator,ATTACK,0.9999792575836182,high,multi_turn_analyst_interaction,easy,mixed_direct_and_inferred,True,True,Tuesday-WorkingHours.pcap_ISCX.csv,candidate_unreviewed,,
trustsecai-gold-v1-00846,evx-ftp_patator-1578771,1578771,FTP-Patator,ATTACK,0.9999792575836182,high,soc_incident_assessment,medium,mixed_direct_and_inferred,True,True,Tuesday-WorkingHours.pcap_ISCX.csv,candidate_unreviewed,,
trustsecai-gold-v1-00843,evx-ftp_patator-1578771,1578771,FTP-Patator,ATTACK,0.9999792575836182,high,mitigation_detection,hard,mixed_direct_and_inferred,True,True,Tuesday-WorkingHours.pcap_ISCX.csv,candidate_unreviewed,,
trustsecai-gold-v1-00844,evx-ftp_patator-1578771,1578771,FTP-Patator,ATTACK,0.9999792575836182,high,vulnerability_context,expert,mixed_direct_and_inferred,True,True,Tuesday-WorkingHours.pcap_ISCX.csv,candidate_unreviewed,,
trustsecai-gold-v1-00845,evx-ftp_patator-1578771,1578771,FTP-Patator,ATTACK,0.9999792575836182,high,attack_mapping,easy,mixed_direct_and_inferred,True,True,Tuesday-WorkingHours.pcap_ISCX.csv,candidate_unreviewed,,
trustsecai-gold-v1-00847,evx-ftp_patator-1578771,1578771,FTP-Patator,ATTACK,0.9999792575836182,high,threat_hunting_followup,hard,mixed_direct_and_inferred,True,True,Tuesday-WorkingHours.pcap_ISCX.csv,candidate_unreviewed,,
